District,Location,pH,EC,TDS,CO3,HCO3,CI,NO3,SO4,F,Alk,Ca,Mg,TH,Na,K,Fe,SAR
Ahmedabad,Barvala,7.69,4781.0,3203.0,0.0,1342.0,780.0,17.0,270.0,3.25,1100.0,40.0,48.0,300.0,1020.0,0.4,,25.6
Ahmedabad,Dhandhuka1,7.56,790.0,529.0,0.0,354.0,43.0,12.0,36.0,2.2,290.0,24.0,10.0,100.0,140.0,17.2,,6.09
Ahmedabad,Gamph,7.9,2550.0,1709.0,0.0,781.0,461.0,16.0,10.0,0.25,640.0,28.0,72.0,370.0,416.0,37.0,,9.4
Ahmedabad,Tagadi1,7.8,1492.0,1000.0,0.0,439.0,191.0,17.0,15.0,1.75,360.0,32.0,31.0,210.0,210.0,5.2,,6.3
Ahmedabad,Dalod,7.73,14520.0,9728.0,0.0,1232.0,4361.0,45.0,439.0,3.1,1010.0,180.0,216.0,1350.0,2940.0,33.0,0.4,34.79
Ahmedabad,Mandal2,8.06,3581.0,2399.0,0.0,573.0,922.0,10.0,18.0,0.54,470.0,140.0,96.0,750.0,490.0,6.9,0.1,7.78
Ahmedabad,Kundali,7.42,875.0,586.0,0.0,378.0,85.0,24.0,5.0,0.45,310.0,36.0,36.0,240.0,100.0,0.4,,2.81
Ahmedabad,Rajpada,8.2,2884.0,1932.0,0.0,537.0,567.0,250.0,91.0,0.43,440.0,200.0,168.0,1200.0,160.0,4.5,,2.01
Ahmedabad,Endla,7.92,698.0,468.0,0.0,317.0,35.0,2.0,37.0,0.5,260.0,28.0,38.0,230.0,56.0,9.5,,1.61
Ahmedabad,Kumarkhan,8.1,9840.0,6593.0,0.0,1000.0,2730.0,46.0,628.0,2.4,820.0,120.0,216.0,1200.0,1940.0,25.0,,24.35
Ahmedabad,Viramgam2,7.59,5050.0,3384.0,0.0,512.0,1383.0,4.0,198.0,0.8,420.0,120.0,84.0,650.0,900.0,9.5,,15.35
Amreli,Govadka,7.9,1872.0,1254.0,0.0,268.0,419.0,26.0,81.0,0.15,220.0,68.0,80.0,500.0,195.0,11.6,,3.79
Amreli,Vankiya,8.2,1150.0,771.0,0.0,415.0,92.0,145.0,2.0,0.2,340.0,68.0,56.0,400.0,88.0,0.3,,1.91
Amreli,Untvad,8.0,995.0,667.0,0.0,305.0,71.0,170.0,2.0,0.26,250.0,92.0,34.0,370.0,56.0,0.2,,1.27
Amreli,Bagasara,7.9,2960.0,1983.0,0.0,439.0,639.0,200.0,72.0,0.45,360.0,120.0,161.0,960.0,253.0,0.0,,3.55
Amreli,Vaghania juna,8.2,1324.0,887.0,0.0,598.0,114.0,18.0,31.0,0.9,490.0,28.0,27.0,180.0,240.0,6.7,0.0,7.78
Amreli,Chalala,8.2,620.0,415.0,0.0,268.0,71.0,3.0,12.0,0.1,220.0,52.0,24.0,230.0,49.0,2.3,,1.4
Amreli,Dharangani,7.8,1790.0,1199.0,0.0,329.0,362.0,110.0,41.0,0.2,270.0,80.0,71.0,490.0,197.0,0.3,,3.87
Amreli,Kerala,8.2,1850.0,1240.0,0.0,622.0,249.0,36.0,54.0,0.35,510.0,44.0,22.0,200.0,346.0,2.8,,10.64
Amreli,Morjhar,8.2,938.0,628.0,0.0,220.0,156.0,10.0,54.0,0.1,180.0,52.0,27.0,240.0,105.0,0.7,,2.95
Amreli,Bherai,8.0,3483.0,2334.0,0.0,891.0,724.0,6.0,63.0,0.6,730.0,48.0,92.0,500.0,615.0,20.6,0.0,11.96
Amreli,Jafrabad,7.5,2854.0,1912.0,0.0,671.0,582.0,29.0,80.0,0.85,550.0,80.0,58.0,440.0,437.0,101.0,0.0,9.06
Amreli,Nageshri,7.9,920.0,616.0,0.0,305.0,121.0,23.0,77.0,0.3,250.0,48.0,54.0,340.0,84.0,3.9,0.0,1.98
Amreli,Bhavardi1,8.2,981.0,657.0,0.0,366.0,92.0,52.0,32.0,0.25,300.0,60.0,46.0,340.0,77.0,2.9,0.0,1.82
Amreli,Ingorala,8.1,700.0,469.0,0.0,354.0,36.0,35.0,7.0,0.25,290.0,56.0,34.0,280.0,45.0,0.2,,1.17
Amreli,Khamba,8.2,917.0,614.0,0.0,451.0,50.0,35.0,28.0,0.19,370.0,52.0,44.0,310.0,87.0,0.2,,2.15
Amreli,Trakuda,7.0,1390.0,931.0,0.0,439.0,170.0,135.0,35.0,0.1,360.0,124.0,63.0,570.0,82.0,1.9,,1.49
Amreli,Badhda,8.0,1446.0,969.0,0.0,317.0,192.0,155.0,71.0,0.1,260.0,76.0,80.0,520.0,98.0,0.4,,1.87
Amreli,Bhuva,7.7,12150.0,8141.0,0.0,1013.0,3408.0,300.0,408.0,0.75,830.0,320.0,109.0,1250.0,2354.0,146.0,,28.95
Amreli,Charkhadia1,8.0,2432.0,1629.0,0.0,1110.0,163.0,38.0,59.0,1.45,910.0,20.0,12.0,100.0,524.0,8.1,,22.78
Amreli,Goradka,7.7,2216.0,1485.0,0.0,268.0,341.0,330.0,124.0,0.08,220.0,188.0,105.0,900.0,93.0,0.5,,1.35
Amreli,Piyava,8.2,1411.0,945.0,0.0,610.0,121.0,39.0,45.0,0.4,500.0,24.0,34.0,200.0,254.0,0.3,0.0,7.81
Amreli,Kunkavav,8.0,2004.0,1343.0,0.0,244.0,426.0,110.0,98.0,0.35,200.0,108.0,73.0,570.0,198.0,0.7,,3.61
Amreli,Chavand,8.2,580.0,389.0,0.0,342.0,36.0,5.0,26.0,0.35,280.0,48.0,24.0,220.0,66.0,0.3,,1.93
Amreli,Lathi,7.9,1398.0,937.0,0.0,451.0,213.0,17.0,19.0,0.5,370.0,52.0,41.0,300.0,188.0,0.0,,4.72
Amreli,Luvariya,8.2,1307.0,876.0,0.0,683.0,92.0,20.0,57.0,2.2,560.0,24.0,7.0,90.0,314.0,0.0,0.55,14.39
Amreli,Tajpur,7.9,2005.0,1343.0,0.0,305.0,277.0,260.0,146.0,0.48,250.0,156.0,51.0,600.0,188.0,1.1,0.63,3.34
Amreli,Punjapadar,8.2,787.0,527.0,0.0,366.0,57.0,8.0,27.0,1.7,300.0,12.0,2.0,40.0,175.0,2.7,0.76,12.03
Amreli,Mandal,7.9,2210.0,1481.0,0.0,329.0,312.0,190.0,266.0,0.6,270.0,96.0,78.0,560.0,270.0,4.3,,4.96
Amreli,Victor,8.2,1703.0,1141.0,0.0,598.0,234.0,3.0,53.0,1.9,490.0,16.0,15.0,100.0,362.0,12.9,,15.74
Amreli,Charnara,7.7,3936.0,2637.0,0.0,866.0,880.0,6.0,172.0,1.5,710.0,40.0,29.0,220.0,890.0,11.9,0.0,26.09
Amreli,Fifad,7.8,6862.0,4598.0,0.0,1145.0,1576.0,32.0,245.0,0.55,939.0,88.0,146.0,820.0,1220.0,18.2,0.17,18.52
Amreli,Hipa vadali,8.1,2592.0,1737.0,0.0,1391.0,57.0,68.0,85.0,1.3,1140.0,20.0,22.0,140.0,565.0,0.2,0.0,20.76
Amreli,Kadiyali,7.4,3773.0,2528.0,0.0,634.0,895.0,14.0,41.0,2.05,520.0,176.0,49.0,640.0,560.0,11.9,0.0,9.62
Amreli,Tajpur,7.6,2200.0,1474.0,0.0,634.0,341.0,95.0,50.0,1.4,520.0,32.0,5.0,100.0,478.0,0.6,,20.78
Anand,Anand,7.6,1253.0,840.0,0.0,598.0,99.0,18.0,17.0,0.3,490.0,28.0,70.0,360.0,140.0,2.5,,3.21
Anand,Anklav2,8.12,1100.0,737.0,0.0,512.0,78.0,36.0,14.0,0.9,420.0,28.0,53.0,290.0,132.0,1.8,,3.37
Anand,Navapura,8.06,1400.0,938.0,0.0,622.0,106.0,40.0,14.0,0.48,510.0,68.0,72.0,470.0,110.0,5.5,,2.21
Anand,Ras,7.5,1743.0,1168.0,0.0,842.0,227.0,20.0,5.0,2.0,690.0,32.0,19.0,160.0,400.0,5.7,,13.75
Anand,Kansari1,8.1,4278.0,2866.0,0.0,586.0,993.0,24.0,242.0,0.6,480.0,100.0,96.0,650.0,700.0,4.0,,11.94
Anand,Laxmipura,8.0,3367.0,2256.0,0.0,793.0,709.0,30.0,62.0,1.1,650.0,100.0,48.0,450.0,600.0,2.1,,12.3
Anand,Ghora,7.92,1780.0,1193.0,0.0,537.0,241.0,115.0,18.0,0.67,440.0,84.0,41.0,380.0,238.0,13.0,,5.31
Anand,Adas,8.1,970.0,650.0,0.0,427.0,78.0,39.0,9.0,0.43,350.0,48.0,82.0,460.0,20.0,2.4,,0.41
Anand,Dharmaj,7.76,2450.0,1642.0,0.0,964.0,276.0,48.0,32.0,0.22,790.0,32.0,50.0,290.0,445.0,1.0,,11.36
Anand,Tol,7.6,877.0,588.0,0.0,439.0,50.0,5.0,16.0,0.3,360.0,68.0,22.0,260.0,86.0,7.2,,2.32
Anand,Utiyapara,7.7,680.0,456.0,0.0,390.0,42.0,2.0,6.0,0.15,320.0,88.0,29.0,340.0,22.0,1.1,,0.52
Banaskantha,Amirgadh,7.9,3942.0,2641.0,0.0,515.0,993.0,100.0,187.0,0.6,422.0,200.0,216.0,1400.0,330.0,3.7,0.05,3.83
Banaskantha,Iqbalgarh,8.2,680.0,456.0,0.0,281.0,64.0,25.0,20.0,0.25,230.0,52.0,38.0,290.0,34.0,0.9,,0.87
Banaskantha,Kidotar,7.98,1661.0,1113.0,0.0,695.0,149.0,36.0,52.0,1.0,570.0,88.0,70.0,510.0,165.0,9.0,0.0,3.18
Banaskantha,Ganapipli,8.2,838.0,561.0,0.0,329.0,85.0,36.0,14.0,2.6,270.0,52.0,34.0,270.0,79.0,1.2,,2.09
Banaskantha,Mohabbat gadh,7.8,1500.0,1005.0,0.0,244.0,347.0,75.0,15.0,1.15,200.0,176.0,31.0,570.0,94.0,3.2,0.05,1.71
Banaskantha,Ratanpur2,8.0,960.0,643.0,0.0,220.0,142.0,85.0,37.0,0.5,180.0,120.0,12.0,350.0,65.0,2.6,0.04,1.51
Banaskantha,Gangodra,7.81,1990.0,1333.0,0.0,366.0,367.0,40.0,154.0,1.0,300.0,104.0,58.0,500.0,239.0,5.2,0.0,4.65
Banaskantha,Jorapura,7.9,1277.0,856.0,0.0,268.0,220.0,38.0,108.0,0.7,220.0,120.0,46.0,490.0,87.0,1.7,,1.71
Banaskantha,Sodapur,7.69,1160.0,777.0,0.0,366.0,156.0,19.0,75.0,1.35,300.0,52.0,22.0,220.0,184.0,2.3,0.0,5.39
Banaskantha,Meda,8.08,960.0,643.0,0.0,281.0,106.0,60.0,88.0,0.17,230.0,92.0,34.0,370.0,70.0,2.9,,1.58
Banaskantha,Palanpur2,8.26,1308.0,876.0,0.0,464.0,170.0,75.0,37.0,0.67,380.0,28.0,27.0,180.0,250.0,0.8,0.0,8.1
Banaskantha,Bharol1,8.1,517.0,346.0,0.0,207.0,35.0,6.0,30.0,0.1,170.0,44.0,22.0,200.0,12.0,42.0,0.0,0.37
Banaskantha,Khoda,8.0,3287.0,2202.0,0.0,634.0,674.0,90.0,112.0,4.2,520.0,140.0,60.0,600.0,498.0,26.6,,8.84
Banaskantha,Dantiwada 1,7.96,624.0,418.0,0.0,244.0,57.0,34.0,26.0,0.5,200.0,84.0,14.0,270.0,31.0,1.0,,0.82
Bharuch,Roja tankaria,7.7,1488.0,997.0,0.0,439.0,227.0,1.0,24.0,0.03,360.0,76.0,34.0,330.0,175.0,35.0,0.22,4.19
Bharuch,Juna borbhata,8.24,1460.0,978.0,0.0,476.0,213.0,13.0,73.0,0.14,390.0,48.0,77.0,440.0,157.0,45.0,,3.25
Bharuch,Motwan,8.1,1670.0,1119.0,0.0,476.0,298.0,5.0,56.0,0.48,390.0,48.0,50.0,330.0,253.0,8.2,,6.06
Bharuch,Mulad,8.06,2357.0,1579.0,0.0,598.0,418.0,18.0,118.0,0.38,490.0,44.0,70.0,400.0,380.0,1.2,,8.26
Bharuch,Panoli,7.8,5000.0,3350.0,0.0,622.0,1347.0,55.0,107.0,1.03,510.0,116.0,214.0,1180.0,650.0,3.0,,8.23
Bharuch,Sajod,8.1,2160.0,1447.0,0.0,891.0,269.0,12.0,6.0,2.1,730.0,28.0,26.0,180.0,440.0,3.6,,14.26
Bharuch,Bharuch,7.8,2960.0,1983.0,0.0,634.0,631.0,8.0,72.0,0.15,520.0,100.0,137.0,820.0,314.0,2.4,0.0,4.77
Bharuch,Kaswa,8.08,526.0,352.0,0.0,232.0,50.0,2.0,18.0,0.11,190.0,48.0,14.0,180.0,47.0,12.0,,1.52
Bharuch,Mahegam1,8.0,496.0,332.0,0.0,244.0,28.0,4.0,12.0,0.25,200.0,40.0,19.0,180.0,35.0,6.6,1.5,1.13
Bharuch,Navetha,8.0,3095.0,2074.0,0.0,488.0,780.0,4.0,48.0,0.2,400.0,132.0,110.0,790.0,323.0,65.0,,5.0
Bharuch,Jetpur1,8.1,1600.0,1072.0,0.0,695.0,142.0,17.0,2.0,0.65,570.0,72.0,46.0,370.0,193.0,39.0,,4.36
Bharuch,Raymal,8.28,1290.0,864.0,0.0,281.0,284.0,5.0,46.0,0.45,230.0,56.0,43.0,320.0,170.0,11.1,,4.13
Bharuch,Utraj,8.7,1048.0,702.0,108.0,24.0,149.0,4.0,158.0,0.5,200.0,16.0,42.0,230.0,162.0,2.5,,4.64
Bharuch,Dahegam,7.76,1110.0,744.0,0.0,427.0,135.0,20.0,8.0,0.04,350.0,84.0,34.0,350.0,100.0,40.0,,2.32
Bharuch,Kalak,7.6,1064.0,713.0,0.0,366.0,142.0,14.0,81.0,0.25,300.0,80.0,34.0,340.0,119.0,13.5,0.34,2.81
Bharuch,Kavi,7.9,3250.0,2178.0,0.0,854.0,404.0,180.0,240.0,0.32,700.0,20.0,72.0,350.0,270.0,600.0,0.0,6.27
Bharuch,Sarod,8.0,2300.0,1541.0,0.0,1000.0,206.0,4.0,36.0,0.58,820.0,52.0,137.0,700.0,210.0,5.3,,3.45
Bharuch,Tankari,7.96,2434.0,1631.0,0.0,903.0,333.0,14.0,30.0,0.6,740.0,44.0,74.0,420.0,346.0,69.0,0.06,7.34
Bharuch,Talodra,8.1,1169.0,783.0,0.0,378.0,149.0,3.0,88.0,0.83,310.0,16.0,82.0,380.0,110.0,4.5,0.1,2.45
Bharuch,Bhensli,7.56,600.0,402.0,0.0,268.0,57.0,3.0,19.0,0.25,220.0,40.0,12.0,150.0,80.0,10.8,0.43,2.84
Bharuch,Luhara,8.2,2917.0,1954.0,0.0,976.0,369.0,120.0,50.0,0.15,800.0,48.0,101.0,540.0,340.0,180.0,0.0,6.36
Bharuch,Nirnavi,8.2,900.0,603.0,0.0,415.0,71.0,2.0,5.0,0.28,340.0,36.0,29.0,210.0,110.0,22.0,6.25,3.3
Bharuch,Arethi,7.42,490.0,328.0,0.0,256.0,21.0,2.0,13.0,0.25,210.0,48.0,14.0,180.0,35.0,0.1,0.0,1.13
Bharuch,Kavachiya,7.9,2600.0,1742.0,0.0,427.0,532.0,6.0,216.0,0.4,350.0,420.0,48.0,1250.0,42.0,2.6,,0.52
Bharuch,Kondh,8.0,1613.0,1081.0,0.0,390.0,269.0,25.0,47.0,0.94,320.0,60.0,55.0,280.0,228.0,0.5,,5.92
Bharuch,Mokhdi,7.8,1153.0,773.0,0.0,488.0,92.0,13.0,8.0,0.25,400.0,108.0,41.0,440.0,51.0,4.1,,1.06
Bharuch,Netrang1,8.2,747.0,500.0,0.0,268.0,92.0,8.0,46.0,0.24,220.0,68.0,46.0,360.0,21.0,0.1,,0.48
Bharuch,Valia,7.92,3820.0,2559.0,0.0,342.0,922.0,10.0,486.0,1.2,280.0,260.0,96.0,1050.0,490.0,1.7,0.09,6.57
Bharuch,Chidra,8.0,1297.0,869.0,0.0,427.0,170.0,58.0,5.0,0.23,350.0,84.0,48.0,410.0,99.0,76.0,0.01,2.13
Bharuch,Jokhala,8.1,1150.0,771.0,0.0,464.0,71.0,16.0,125.0,1.15,380.0,68.0,46.0,360.0,123.0,1.9,0.01,2.82
Bharuch,Mungaj,8.12,675.0,452.0,0.0,329.0,28.0,3.0,26.0,0.35,270.0,76.0,24.0,290.0,23.0,0.3,0.0,0.59
Bharuch,Pakhajan,7.86,4263.0,2856.0,0.0,610.0,1063.0,10.0,106.0,0.15,500.0,200.0,144.0,1100.0,477.0,68.0,0.01,6.25
Bharuch,Sahol,7.5,6120.0,4100.0,0.0,195.0,1914.0,2.0,317.0,0.25,160.0,860.0,132.0,2700.0,242.0,3.8,0.75,2.02
Bharuch,Sindhav,6.9,16130.0,10807.0,0.0,769.0,5814.0,26.0,20.0,1.72,630.0,720.0,816.0,5200.0,1690.0,120.0,0.18,10.19
Bharuch,Vegra,7.9,1883.0,1262.0,0.0,281.0,433.0,6.0,68.0,0.15,230.0,68.0,41.0,340.0,269.0,34.9,0.02,6.34
Bhavnagar,Bhavnagar1,8.2,1451.0,972.0,0.0,427.0,227.0,38.0,34.0,0.35,350.0,40.0,36.0,250.0,226.0,0.3,0.0,6.21
Bhavnagar,Bhudel,8.0,4193.0,2809.0,0.0,610.0,881.0,270.0,120.0,0.5,500.0,64.0,180.0,900.0,553.0,15.8,,8.01
Bhavnagar,Bhumbhali,7.8,7366.0,4935.0,0.0,415.0,1882.0,8.0,599.0,0.55,340.0,360.0,158.0,1550.0,971.0,27.7,,10.72
Bhavnagar,Tardhera,7.1,2083.0,1396.0,0.0,854.0,213.0,80.0,26.0,1.1,700.0,100.0,119.0,740.0,165.0,17.5,0.65,2.64
Bhavnagar,Dhasa,7.8,1950.0,1307.0,0.0,525.0,305.0,3.5,98.0,0.26,430.0,108.0,68.0,550.0,194.0,6.2,,3.6
Bhavnagar,Gadhada2,7.9,1125.0,754.0,0.0,378.0,114.0,34.0,61.0,0.15,310.0,100.0,27.0,360.0,94.0,0.4,,2.15
Bhavnagar,Ningala,7.8,998.0,669.0,0.0,390.0,114.0,15.0,13.0,0.5,320.0,36.0,17.0,160.0,161.0,1.5,0.17,5.53
Bhavnagar,Gariyadhar,7.7,2660.0,1782.0,0.0,317.0,525.0,190.0,186.0,0.42,260.0,200.0,117.0,980.0,174.0,0.2,0.08,2.42
Bhavnagar,Ghogha,7.7,6760.0,4529.0,0.0,537.0,1669.0,380.0,119.0,0.6,440.0,100.0,109.0,700.0,1176.0,98.1,,19.33
Bhavnagar,Dudhala,7.6,2227.0,1492.0,0.0,281.0,440.0,130.0,106.0,0.6,230.0,144.0,83.0,700.0,173.0,32.6,,2.84
Bhavnagar,Longadi,8.1,814.0,545.0,0.0,342.0,57.0,2.0,71.0,0.53,280.0,44.0,22.0,200.0,110.0,26.0,0.0,3.38
Bhavnagar,Mahuva1,7.9,3444.0,2307.0,0.0,1025.0,483.0,70.0,160.0,1.15,840.0,40.0,14.0,180.0,725.0,1.8,,23.49
Bhavnagar,Motivadal,8.0,1158.0,776.0,0.0,549.0,128.0,12.0,15.0,0.35,450.0,72.0,58.0,420.0,110.0,10.2,,2.33
Bhavnagar,Shantinagar,7.9,2030.0,1360.0,0.0,512.0,369.0,12.0,135.0,0.3,420.0,168.0,88.0,780.0,146.0,5.9,,2.27
Bhavnagar,Khijadiya,7.8,1425.0,955.0,0.0,720.0,121.0,55.0,28.0,0.8,590.0,28.0,15.0,130.0,326.0,12.8,,12.43
Bhavnagar,Panchpipla,8.0,1150.0,771.0,0.0,415.0,135.0,20.0,17.0,0.8,340.0,48.0,27.0,230.0,156.0,0.0,,4.47
Bhavnagar,Sajnasar,8.0,1446.0,969.0,0.0,305.0,263.0,58.0,45.0,0.42,250.0,100.0,54.0,470.0,115.0,1.1,0.08,2.31
Bhavnagar,Satanes,7.8,1451.0,972.0,0.0,659.0,121.0,22.0,13.0,0.4,540.0,128.0,41.0,480.0,122.0,7.8,,2.42
Bhavnagar,Sandhida,8.0,745.0,499.0,0.0,305.0,92.0,2.0,10.0,0.35,250.0,64.0,32.0,290.0,48.0,2.1,,1.23
Bhavnagar,Datha,8.0,2665.0,1786.0,0.0,573.0,554.0,2.0,82.0,0.7,470.0,40.0,29.0,220.0,520.0,2.6,,15.24
Bhavnagar,Talaja2,8.1,1910.0,1280.0,0.0,500.0,284.0,100.0,58.0,0.35,410.0,40.0,10.0,140.0,376.0,0.2,,13.82
Bhavnagar,Trapaj,7.9,1641.0,1099.0,0.0,342.0,170.0,280.0,115.0,0.6,280.0,124.0,92.0,690.0,83.0,0.7,,1.37
Bhavnagar,Bhutia,7.9,1955.0,1310.0,0.0,317.0,412.0,95.0,53.0,0.3,260.0,152.0,63.0,640.0,157.0,0.6,,2.7
Bhavnagar,Jalia,7.7,4070.0,2727.0,0.0,427.0,1093.0,70.0,113.0,0.5,350.0,304.0,223.0,1680.0,187.0,6.1,,1.98
Bhavnagar,Porbada,8.2,890.0,596.0,0.0,378.0,99.0,15.0,29.0,0.75,310.0,72.0,24.0,280.0,99.0,3.7,0.0,2.57
Bhavnagar,Timbi2,8.2,404.0,271.0,0.0,195.0,43.0,8.0,12.0,0.1,160.0,32.0,15.0,140.0,46.0,1.4,,1.69
Bhavnagar,Lonjdhara,8.2,1338.0,896.0,0.0,634.0,99.0,25.0,28.0,2.2,520.0,24.0,24.0,160.0,256.0,0.6,,8.8
Bhavnagar,Panvi1,8.2,2800.0,1876.0,0.0,1095.0,341.0,19.0,55.0,2.0,898.0,24.0,24.0,160.0,599.0,13.3,,20.59
Bhavnagar,Vallbhipur,7.9,6384.0,4277.0,0.0,1013.0,1562.0,9.0,118.0,2.4,830.0,40.0,73.0,400.0,1287.0,1.1,,27.98
Bhavnagar,Ayodhyapuram,8.2,4550.0,3049.0,0.0,1671.0,611.0,32.0,151.0,4.4,1370.0,16.0,19.0,120.0,1066.0,0.2,0.0,42.31
Bhavnagar,Boda,8.1,1676.0,1123.0,0.0,517.0,121.0,65.0,247.0,1.1,424.0,20.0,10.0,90.0,377.0,1.5,0.0,17.28
Bhavnagar,Khundeli,7.9,1841.0,1233.0,0.0,305.0,362.0,85.0,92.0,0.4,250.0,100.0,90.0,620.0,144.0,0.2,0.0,2.51
Bhavnagar,Piprala,8.2,686.0,460.0,0.0,281.0,71.0,27.0,30.0,0.15,230.0,56.0,36.0,290.0,44.0,0.4,,1.12
Bhavnagar,Vadala,8.0,922.0,618.0,0.0,293.0,99.0,76.0,39.0,0.26,240.0,56.0,46.0,330.0,71.0,0.0,0.0,1.7
Bhavnagar,Vavdi,8.0,1170.0,784.0,0.0,403.0,107.0,130.0,59.0,0.35,330.0,52.0,83.0,470.0,83.0,0.1,0.0,1.66
Dahod,Khandania,8.1,730.0,489.0,0.0,354.0,36.0,20.0,129.0,2.0,290.0,76.0,27.0,300.0,91.0,1.2,,2.28
Dahod,Salaya1,8.1,841.0,563.0,0.0,366.0,78.0,30.0,36.0,1.0,300.0,28.0,27.0,180.0,136.0,0.5,,4.41
Dahod,Kanjetha,7.6,720.0,482.0,0.0,329.0,42.0,34.0,45.0,0.85,270.0,48.0,27.0,230.0,81.0,3.1,,2.32
Dahod,Tokarba,8.0,972.0,651.0,0.0,232.0,170.0,20.0,76.0,0.95,190.0,76.0,32.0,320.0,97.0,1.9,,2.36
Dahod,Dahod1,8.0,927.0,621.0,0.0,220.0,92.0,115.0,57.0,0.94,180.0,68.0,29.0,290.0,81.0,0.0,0.0,2.07
Dahod,Dahod2,7.5,1376.0,922.0,0.0,427.0,14.0,6.0,207.0,2.7,350.0,52.0,41.0,300.0,137.0,3.3,,3.44
Dahod,Varamkheda,7.7,747.0,500.0,0.0,329.0,99.0,22.0,22.0,1.3,270.0,40.0,29.0,220.0,108.0,3.3,,3.17
Dahod,Sukhsar,8.1,743.0,498.0,0.0,366.0,43.0,32.0,36.0,0.85,300.0,28.0,22.0,160.0,123.0,1.4,,4.23
Dahod,Garbara,7.7,5303.0,3553.0,0.0,586.0,1136.0,45.0,380.0,3.0,480.0,160.0,171.0,1100.0,664.0,36.6,,8.7
Dahod,Panchwada,7.9,823.0,551.0,0.0,281.0,64.0,35.0,79.0,1.1,230.0,48.0,44.0,300.0,62.0,2.0,,1.56
Dahod,Limbdi2,8.2,577.0,387.0,0.0,305.0,50.0,3.0,43.0,1.18,250.0,36.0,15.0,150.0,102.0,4.9,0.08,3.62
Dahod,Mirakhedi,8.1,861.0,577.0,0.0,342.0,71.0,65.0,40.0,0.82,280.0,56.0,27.0,250.0,105.0,0.2,,2.89
Dahod,Dadhela,8.0,917.0,614.0,0.0,342.0,78.0,48.0,61.0,1.2,280.0,32.0,37.0,230.0,123.0,5.2,,3.53
Dahod,Wadia,8.0,3200.0,2144.0,0.0,256.0,731.0,180.0,169.0,1.03,210.0,244.0,144.0,1200.0,174.0,10.6,0.0,2.18
Dahod,Badpa,8.0,1072.0,718.0,0.0,378.0,135.0,10.0,17.0,2.9,310.0,48.0,15.0,180.0,164.0,1.3,0.2,5.31
Dahod,Dahod urban 2,8.0,2095.0,1404.0,0.0,451.0,316.0,205.0,47.0,2.4,370.0,52.0,90.0,500.0,249.0,4.0,0.07,4.84
Dahod,Dahod urban 3,7.8,2464.0,1651.0,0.0,244.0,646.0,44.0,90.0,0.55,200.0,148.0,76.0,680.0,264.0,3.8,0.0,4.4
Dahod,Garadu,8.0,635.0,425.0,0.0,342.0,50.0,12.0,25.0,0.97,280.0,28.0,171.0,140.0,115.0,2.0,0.0,4.23
Dahod,Thada,8.0,437.0,293.0,0.0,195.0,43.0,15.0,32.0,1.15,160.0,44.0,22.0,200.0,32.0,5.1,2.04,0.98
Daman,Khariwad daman,7.72,1248.0,836.0,0.0,512.0,149.0,5.0,20.0,0.6,420.0,56.0,43.0,320.0,156.0,7.0,,3.79
Daman,Ambabari,7.94,1148.0,769.0,0.0,549.0,113.0,16.0,11.0,0.29,450.0,132.0,29.0,450.0,86.0,10.0,,1.76
Daman,Dabhel,7.64,712.0,477.0,0.0,281.0,92.0,13.0,4.0,0.27,230.0,76.0,36.0,340.0,17.0,0.4,,0.4
Daman,Dalwada,7.75,701.0,470.0,0.0,281.0,106.0,1.0,7.0,0.55,230.0,52.0,41.0,300.0,42.0,0.6,,1.05
Daman,Jempore,7.89,1150.0,771.0,0.0,537.0,71.0,42.0,15.0,0.6,440.0,100.0,46.0,440.0,70.0,7.0,,1.45
Daman,Manwad,7.98,746.0,500.0,0.0,390.0,43.0,5.0,10.0,0.14,320.0,72.0,29.0,300.0,44.0,0.8,,1.1
Daman,Warkhund,8.01,1460.0,978.0,0.0,415.0,262.0,14.0,14.0,0.7,340.0,64.0,79.0,490.0,116.0,8.0,,2.28
Diu,Diu,7.9,1208.0,809.0,0.0,488.0,135.0,13.0,7.0,0.7,400.0,40.0,19.0,180.0,199.0,34.2,0.57,6.45
Diu,Gomtimata,7.8,4065.0,2724.0,0.0,573.0,880.0,135.0,158.0,0.7,470.0,80.0,122.0,700.0,599.0,44.8,0.0,9.84
Diu,Jolawadi,7.4,11700.0,7839.0,0.0,244.0,3728.0,33.0,719.0,0.15,200.0,560.0,450.0,3250.0,1404.0,43.8,0.0,10.71
Gandhinagar,Paliya,7.8,1906.0,1277.0,0.0,659.0,227.0,100.0,142.0,1.1,540.0,56.0,115.0,620.0,219.0,0.0,0.0,3.82
Gandhinagar,Serthapara1,7.6,3100.0,2077.0,0.0,1293.0,319.0,34.0,35.0,2.1,1060.0,160.0,96.0,800.0,324.0,36.0,0.0,4.98
Jamnagar,Ambardi,7.7,2120.0,1420.0,0.0,345.0,398.0,175.0,71.0,0.48,283.0,112.0,83.0,620.0,206.0,3.7,,3.6
Jamnagar,Bhanvad,8.0,1099.0,736.0,0.0,329.0,135.0,60.0,32.0,0.38,270.0,64.0,41.0,330.0,99.0,0.4,6.4,2.37
Jamnagar,Mota kalawad,7.6,2378.0,1593.0,0.0,220.0,596.0,37.0,81.0,0.6,180.0,232.0,73.0,880.0,123.0,1.2,,1.8
Jamnagar,Dhrol2,8.1,1706.0,1143.0,0.0,525.0,298.0,10.0,76.0,0.35,430.0,48.0,66.0,390.0,255.0,1.9,0.0,5.61
Jamnagar,Balwa,8.2,922.0,618.0,0.0,232.0,114.0,70.0,82.0,0.35,190.0,96.0,27.0,350.0,67.0,1.5,,1.56
Jamnagar,Seth vadala,8.0,1346.0,902.0,0.0,317.0,163.0,31.0,170.0,0.45,260.0,92.0,54.0,450.0,113.0,0.9,,2.32
Jamnagar,Bed,7.6,2414.0,1617.0,0.0,232.0,426.0,250.0,191.0,0.2,190.0,208.0,44.0,700.0,230.0,6.0,,3.78
Jamnagar,Changa,8.0,1686.0,1130.0,0.0,207.0,327.0,105.0,112.0,0.26,170.0,108.0,56.0,500.0,156.0,1.5,,3.03
Jamnagar,Gordhanpur,8.1,2396.0,1605.0,0.0,256.0,561.0,6.0,166.0,0.35,210.0,96.0,54.0,460.0,336.0,3.7,,6.81
Jamnagar,Jambuda,7.9,4711.0,3156.0,0.0,525.0,1349.0,11.0,174.0,0.5,430.0,296.0,195.0,1540.0,464.0,9.4,,5.14
Jamnagar,Jamnagar2,8.1,851.0,570.0,0.0,317.0,92.0,3.0,76.0,0.33,260.0,48.0,27.0,230.0,112.0,1.2,,3.21
Jamnagar,Vijarkha,8.1,645.0,432.0,0.0,293.0,64.0,8.0,22.0,0.12,240.0,52.0,22.0,220.0,65.0,0.5,,1.91
Jamnagar,Amran1,8.2,676.0,453.0,0.0,293.0,107.0,3.0,0.0,0.2,240.0,52.0,17.0,200.0,90.0,5.7,,2.77
Jamnagar,Bedanpur,7.9,2040.0,1367.0,0.0,256.0,476.0,62.0,82.0,0.4,210.0,120.0,78.0,620.0,187.0,0.5,,3.27
Jamnagar,Dudhai2,8.2,692.0,464.0,0.0,281.0,71.0,3.0,62.0,0.48,230.0,28.0,15.0,130.0,124.0,2.1,,4.73
Jamnagar,Haripur2,8.0,1331.0,892.0,0.0,232.0,185.0,175.0,66.0,0.6,190.0,84.0,51.0,420.0,113.0,0.2,,2.4
Jamnagar,Kalawad,8.0,1794.0,1202.0,0.0,329.0,277.0,175.0,85.0,0.45,270.0,92.0,85.0,590.0,141.0,1.8,0.0,2.52
Jamnagar,Moti matli,8.0,860.0,576.0,0.0,256.0,128.0,34.0,48.0,0.51,210.0,48.0,27.0,230.0,111.0,1.4,,3.18
Jamnagar,Nikava,8.0,1400.0,938.0,0.0,439.0,220.0,8.0,36.0,0.38,360.0,72.0,41.0,350.0,170.0,11.3,,3.95
Jamnagar,Toda,8.2,756.0,507.0,0.0,317.0,85.0,60.0,29.0,0.45,260.0,64.0,27.0,270.0,88.0,1.9,0.0,2.33
Jamnagar,Bhatia,7.4,6852.0,4591.0,0.0,183.0,1740.0,60.0,693.0,0.28,150.0,320.0,170.0,1500.0,877.0,0.3,,9.85
Jamnagar,Bhogat,7.5,1840.0,1233.0,0.0,244.0,405.0,20.0,94.0,1.74,200.0,76.0,46.0,380.0,238.0,4.9,,5.31
Jamnagar,Juvanpur,7.9,2700.0,1809.0,0.0,342.0,568.0,125.0,129.0,0.32,280.0,88.0,68.0,500.0,381.0,4.6,,7.41
Jamnagar,Kalyanpur1,7.9,1338.0,896.0,0.0,281.0,234.0,65.0,80.0,0.26,230.0,64.0,36.0,310.0,180.0,0.9,,4.44
Jamnagar,Kalyanpur2,7.8,5755.0,3856.0,0.0,488.0,1527.0,80.0,243.0,2.0,400.0,140.0,170.0,1050.0,853.0,2.6,,11.45
Jamnagar,Pindara,8.0,1020.0,683.0,0.0,281.0,170.0,2.0,8.0,0.45,230.0,68.0,32.0,300.0,85.0,8.4,,2.13
Jamnagar,Raval,7.7,3062.0,2052.0,0.0,207.0,781.0,70.0,186.0,0.2,170.0,208.0,83.0,860.0,311.0,1.0,,4.61
Jamnagar,Kajuda,7.6,5121.0,3431.0,0.0,476.0,1122.0,46.0,504.0,0.44,390.0,160.0,170.0,1100.0,670.0,5.5,,8.78
Jamnagar,Kuvadia,8.1,708.0,474.0,0.0,220.0,85.0,44.0,26.0,0.26,180.0,60.0,24.0,250.0,53.0,0.3,0.47,1.46
Jamnagar,Salaya,7.9,1472.0,986.0,0.0,427.0,206.0,40.0,29.0,0.2,350.0,92.0,34.0,370.0,155.0,23.4,,3.5
Jamnagar,Vadtara,8.1,1205.0,807.0,0.0,354.0,163.0,135.0,62.0,0.18,290.0,100.0,7.0,280.0,192.0,1.2,,4.99
Jamnagar,Vinjhalpur,8.0,1219.0,817.0,0.0,244.0,192.0,65.0,87.0,0.2,200.0,68.0,17.0,240.0,174.0,1.3,,4.88
Jamnagar,Lalpur1,7.5,1600.0,1072.0,0.0,329.0,362.0,70.0,32.0,0.3,270.0,108.0,34.0,410.0,215.0,2.4,,4.62
Jamnagar,Vad panchasara,8.0,1328.0,890.0,0.0,500.0,185.0,22.0,35.0,0.48,410.0,92.0,44.0,410.0,147.0,6.3,,3.16
Jamnagar,Aramda,7.9,4335.0,2904.0,0.0,1037.0,838.0,42.0,60.0,0.6,850.0,120.0,73.0,600.0,685.0,54.1,,12.16
Jamnagar,Dwarka,7.8,2172.0,1455.0,0.0,232.0,469.0,110.0,22.0,0.25,190.0,72.0,39.0,340.0,291.0,26.0,,6.86
Jamnagar,Mojap,7.6,7060.0,4730.0,0.0,659.0,1882.0,11.0,62.0,1.54,540.0,140.0,97.0,750.0,1176.0,71.8,,18.67
Jamnagar,Samrasar,7.6,11280.0,7558.0,0.0,403.0,3657.0,10.0,390.0,3.48,330.0,320.0,389.0,2400.0,1646.0,25.4,,14.61
Jamnagar,Varwada,7.3,8243.0,5523.0,0.0,305.0,2592.0,60.0,345.0,0.75,250.0,260.0,291.0,1850.0,1156.0,14.4,,11.69
Jamnagar,Ambaliya,8.0,3654.0,2448.0,0.0,622.0,824.0,4.0,122.0,3.2,510.0,56.0,107.0,580.0,573.0,16.9,,10.34
Junagadh,Bilkha,8.2,1000.0,670.0,0.0,244.0,192.0,42.0,76.0,0.3,200.0,56.0,61.0,390.0,91.0,1.0,,2.0
Junagadh,Junagadh1,8.0,1080.0,724.0,0.0,183.0,206.0,60.0,37.0,0.25,150.0,76.0,41.0,360.0,79.0,2.7,0.85,1.81
Junagadh,Keshod,8.2,1032.0,691.0,0.0,329.0,85.0,38.0,61.0,0.3,270.0,84.0,32.0,340.0,67.0,7.4,1.7,1.58
Junagadh,Kodinar1,7.3,2390.0,1601.0,0.0,378.0,525.0,32.0,97.0,0.75,310.0,128.0,92.0,700.0,225.0,1.8,,3.7
Junagadh,Budhecha,8.2,1603.0,1074.0,0.0,122.0,369.0,35.0,143.0,0.5,100.0,84.0,36.0,360.0,205.0,4.4,,4.7
Junagadh,Chorwad,7.2,9823.0,6581.0,0.0,122.0,3515.0,32.0,230.0,0.2,100.0,860.0,231.0,3100.0,1052.0,4.3,,8.21
Junagadh,Juthal,8.2,835.0,559.0,0.0,293.0,107.0,7.0,8.0,0.3,240.0,76.0,24.0,290.0,54.0,2.2,,1.38
Junagadh,Kanek,7.6,7820.0,5239.0,0.0,146.0,2556.0,36.0,223.0,0.25,120.0,980.0,163.0,3120.0,420.0,17.3,,3.27
Junagadh,Khambalia1,7.9,4095.0,2744.0,0.0,244.0,1250.0,33.0,59.0,0.2,200.0,272.0,34.0,820.0,577.0,16.6,0.0,8.76
Junagadh,Kukaswada,7.6,7124.0,4773.0,0.0,146.0,2414.0,24.0,120.0,0.15,120.0,820.0,73.0,2350.0,627.0,3.5,0.0,5.62
Junagadh,Bantva,7.5,3796.0,2543.0,0.0,378.0,753.0,30.0,452.0,0.68,310.0,72.0,54.0,400.0,682.0,2.0,,14.83
Junagadh,Antroli,7.1,9820.0,6579.0,0.0,98.0,3479.0,70.0,273.0,0.15,80.0,700.0,280.0,2900.0,1146.0,18.6,,9.25
Junagadh,Arena,7.8,7800.0,5226.0,0.0,159.0,2663.0,60.0,231.0,0.15,130.0,600.0,231.0,2450.0,816.0,35.3,,7.17
Junagadh,Bamanwara,7.5,10233.0,6856.0,0.0,110.0,3373.0,90.0,633.0,0.4,90.0,,462.0,4600.0,479.0,4.0,,3.07
Junagadh,Goraj,8.2,980.0,657.0,0.0,342.0,135.0,50.0,15.0,1.0,280.0,48.0,34.0,260.0,125.0,2.5,,3.37
Junagadh,Khorada1,8.0,2800.0,1876.0,0.0,488.0,611.0,155.0,33.0,0.66,400.0,128.0,88.0,680.0,347.0,1.7,,5.79
Junagadh,Lohej,7.5,8215.0,5504.0,0.0,293.0,2840.0,38.0,342.0,0.35,240.0,480.0,207.0,2050.0,1212.0,23.9,,11.64
Junagadh,Maktupur1,7.9,5943.0,3982.0,0.0,683.0,1775.0,34.0,160.0,0.27,560.0,400.0,61.0,1250.0,756.0,326.0,,9.3
Junagadh,Mangrol1,8.2,1933.0,1295.0,0.0,451.0,376.0,105.0,10.0,0.9,370.0,116.0,34.0,430.0,253.0,27.0,,5.3
Junagadh,Manketara,8.2,1256.0,842.0,0.0,354.0,163.0,35.0,63.0,0.9,290.0,56.0,34.0,280.0,156.0,4.3,,4.05
Junagadh,Seriakhan,8.1,1900.0,1273.0,0.0,195.0,440.0,135.0,56.0,0.28,160.0,144.0,58.0,600.0,164.0,1.4,,2.91
Junagadh,Shardagram,7.5,9372.0,6279.0,0.0,207.0,3195.0,19.0,513.0,0.38,170.0,300.0,292.0,1950.0,1534.0,10.4,,15.1
Junagadh,Sil,7.9,2905.0,1946.0,0.0,390.0,724.0,21.0,54.0,0.15,320.0,96.0,29.0,360.0,459.0,70.6,,10.52
Junagadh,Sil bandar,7.7,7343.0,4920.0,0.0,317.0,2201.0,64.0,383.0,0.5,260.0,320.0,170.0,1500.0,1084.0,34.6,,12.17
Junagadh,Mendarda1,8.2,565.0,379.0,0.0,281.0,57.0,4.0,20.0,0.48,230.0,36.0,39.0,250.0,40.0,0.3,0.0,1.1
Junagadh,Alwani,8.0,824.0,552.0,0.0,354.0,64.0,2.0,39.0,0.05,290.0,40.0,56.0,330.0,43.0,0.3,,1.03
Junagadh,Jambur[madhapar,7.4,853.0,572.0,0.0,366.0,85.0,9.0,6.0,0.28,300.0,60.0,41.0,320.0,53.0,2.1,,1.29
Junagadh,Talala1,8.0,934.0,626.0,0.0,342.0,71.0,22.0,65.0,0.08,280.0,44.0,54.0,330.0,63.0,1.0,,1.51
Junagadh,Dhokadva,7.8,590.0,395.0,0.0,305.0,28.0,11.0,13.0,0.18,250.0,44.0,34.0,250.0,29.0,2.3,,0.8
Junagadh,Girgadhada,7.8,778.0,521.0,0.0,354.0,57.0,37.0,8.0,0.35,290.0,52.0,41.0,300.0,51.0,0.3,,1.28
Junagadh,Jamvala1,7.8,652.0,437.0,0.0,305.0,43.0,4.0,15.0,0.26,250.0,56.0,24.0,240.0,42.0,2.6,,1.18
Junagadh,Una2,7.6,2931.0,1964.0,0.0,793.0,483.0,75.0,119.0,2.3,650.0,88.0,97.0,620.0,419.0,3.6,,7.32
Junagadh,Khoras ahir,8.0,1747.0,1170.0,0.0,366.0,334.0,72.0,29.0,0.2,300.0,172.0,46.0,620.0,113.0,1.3,,1.97
Junagadh,Ajotha,7.3,1405.0,941.0,0.0,268.0,263.0,65.0,48.0,0.85,220.0,84.0,58.0,450.0,115.0,1.4,,2.36
Junagadh,Govindpura2,7.4,627.0,420.0,0.0,268.0,50.0,14.0,24.0,0.8,220.0,48.0,39.0,280.0,23.0,1.6,0.17,0.6
Junagadh,Prempara,8.1,1100.0,737.0,0.0,354.0,142.0,76.0,10.0,0.2,290.0,72.0,61.0,430.0,62.0,0.1,,1.3
Junagadh,Ambervelnes,7.8,750.0,503.0,0.0,366.0,50.0,4.0,3.0,0.19,300.0,64.0,34.0,300.0,36.0,3.8,0.0,0.9
Junagadh,Bhimvel,8.0,1054.0,706.0,0.0,366.0,107.0,40.0,28.0,0.5,300.0,64.0,34.0,300.0,99.0,2.1,0.0,2.49
Junagadh,Degam,8.1,3858.0,2585.0,0.0,476.0,966.0,26.0,258.0,1.0,390.0,96.0,83.0,580.0,682.0,24.7,,12.31
Junagadh,Kansari,7.3,1423.0,953.0,0.0,427.0,178.0,105.0,28.0,0.95,350.0,60.0,63.0,410.0,143.0,1.2,0.4,3.07
Junagarh,Agatrai,8.0,2681.0,1796.0,0.0,256.0,696.0,130.0,79.0,0.28,210.0,216.0,121.0,1040.0,162.0,0.9,0.0,2.18
Junagarh,Anandpur,7.7,2200.0,1474.0,0.0,207.0,525.0,100.0,84.0,0.5,170.0,160.0,78.0,720.0,170.0,0.7,,2.75
Junagarh,Ankalvadi,7.7,612.0,410.0,0.0,281.0,57.0,8.0,2.0,0.2,230.0,48.0,29.0,240.0,37.0,1.8,,1.04
Junagarh,Chokhli,7.9,1286.0,862.0,0.0,159.0,263.0,28.0,105.0,0.43,130.0,72.0,22.0,270.0,170.0,1.0,,4.5
Junagarh,Jagrala,8.0,519.0,348.0,0.0,281.0,28.0,2.0,7.0,0.28,230.0,44.0,24.0,210.0,32.0,0.2,0.0,0.96
Junagarh,Kasiya naka,8.1,700.0,469.0,0.0,390.0,36.0,5.0,4.0,0.1,320.0,36.0,49.0,290.0,41.0,0.0,,1.05
Junagarh,Kesariya ji,7.4,1870.0,1253.0,0.0,317.0,369.0,56.0,90.0,0.9,260.0,72.0,66.0,450.0,220.0,4.5,0.0,4.51
Junagarh,Khanderipur,8.0,618.0,414.0,0.0,256.0,99.0,2.0,15.0,0.2,210.0,28.0,46.0,260.0,50.0,0.3,,1.35
Junagarh,Saradiya,7.6,2460.0,1648.0,0.0,354.0,540.0,25.0,145.0,0.35,290.0,128.0,58.0,560.0,310.0,3.3,,5.7
Junagarh,Vadal,8.0,1050.0,704.0,0.0,281.0,163.0,90.0,38.0,0.7,230.0,72.0,44.0,360.0,100.0,0.9,,2.29
Kacchh,Bambhedai,7.88,4696.0,3146.0,0.0,159.0,1383.0,1.0,297.0,0.5,130.0,120.0,120.0,800.0,744.0,5.0,,11.44
Kacchh,Khorai,7.35,1129.0,756.0,0.0,244.0,206.0,46.0,22.0,0.0,200.0,80.0,29.0,320.0,108.0,9.5,0.36,2.62
Kacchh,Kotada,7.6,2446.0,1639.0,0.0,256.0,674.0,21.0,130.0,0.3,210.0,120.0,72.0,600.0,334.0,4.9,0.6,5.93
Kacchh,Luni,7.81,1623.0,1087.0,0.0,171.0,411.0,50.0,19.0,0.07,140.0,96.0,31.0,370.0,192.0,6.2,,4.34
Kacchh,Suthri,7.86,4725.0,3166.0,0.0,378.0,1347.0,6.0,100.0,0.77,310.0,140.0,84.0,700.0,757.0,5.7,0.0,12.44
Kacchh,Tuga,8.1,1916.0,1284.0,0.0,256.0,439.0,10.0,48.0,0.68,210.0,52.0,62.0,390.0,233.0,12.9,0.0,5.13
Kacchh,Ughedi,7.98,6892.0,4618.0,0.0,171.0,2056.0,19.0,474.0,0.3,140.0,180.0,252.0,1500.0,960.0,7.5,,10.78
Kacchh,vadala,7.98,3976.0,2664.0,0.0,342.0,1099.0,23.0,135.0,0.66,280.0,140.0,108.0,800.0,557.0,5.3,0.0,8.56
Kachchh,Kotaya,7.9,1153.0,773.0,0.0,378.0,149.0,17.0,79.0,0.95,310.0,20.0,31.0,180.0,203.0,0.9,,6.58
Kachchh,Kothara,7.56,4897.0,3281.0,0.0,126.0,1418.0,5.0,290.0,0.0,103.0,220.0,108.0,1000.0,660.0,32.0,,9.07
Kachchh,Mothala,7.7,5921.0,3967.0,0.0,207.0,1914.0,1.0,128.0,0.2,170.0,160.0,216.0,1300.0,800.0,5.2,,9.65
Kachchh,Naliya1,7.98,1545.0,1035.0,0.0,598.0,170.0,6.0,78.0,1.15,490.0,16.0,31.0,170.0,300.0,3.9,0.08,10.0
Kachchh,Tera,7.45,4956.0,3321.0,0.0,854.0,957.0,27.0,506.0,1.5,700.0,100.0,120.0,750.0,860.0,13.6,,13.65
Kachchh,Vinjhan1,7.82,672.0,450.0,0.0,256.0,57.0,0.0,65.0,0.4,210.0,32.0,36.0,230.0,60.0,7.8,,1.72
Kachchh,Dholavira,7.92,11320.0,7584.0,0.0,842.0,2552.0,75.0,1021.0,0.2,690.0,480.0,240.0,2200.0,1500.0,200.0,,13.9
Kachchh,Kharoi,7.78,28360.0,19001.0,0.0,366.0,8190.0,21.0,2468.0,2.2,300.0,120.0,300.0,1550.0,6000.0,60.0,,66.26
Kachchh,Rathanpurkhadir,7.65,3440.0,2305.0,0.0,317.0,957.0,22.0,214.0,0.6,260.0,180.0,132.0,1000.0,400.0,16.0,0.0,5.5
Kachchh,Samkhiari,8.01,3850.0,2580.0,0.0,537.0,709.0,200.0,347.0,1.0,440.0,100.0,180.0,1000.0,354.0,160.0,,4.87
Kachchh,Bhuj1,7.66,900.0,603.0,0.0,171.0,142.0,4.0,143.0,0.14,140.0,76.0,22.0,280.0,99.0,13.0,,2.57
Kachchh,Khavada,7.67,7212.0,4832.0,0.0,146.0,1844.0,6.0,922.0,0.0,120.0,260.0,292.0,1850.0,860.0,20.4,,8.69
Kachchh,Lodai,7.5,3013.0,2019.0,0.0,183.0,567.0,25.0,588.0,0.3,150.0,200.0,132.0,1050.0,250.0,15.0,,3.35
Kachchh,Sedat,7.58,590.0,395.0,0.0,207.0,85.0,0.0,37.0,0.0,170.0,52.0,26.0,240.0,41.0,3.0,,1.15
Kachchh,Sukhpar,7.98,7680.0,5146.0,0.0,146.0,1950.0,25.0,932.0,1.25,120.0,100.0,396.0,1900.0,920.0,4.6,,9.18
Kachchh,Gandhidham1,7.81,790.0,529.0,0.0,317.0,99.0,35.0,1.0,0.21,260.0,64.0,31.0,290.0,65.0,11.5,,1.66
Kachchh,Shinaya,7.75,2873.0,1925.0,0.0,293.0,780.0,12.0,44.0,0.44,240.0,120.0,12.0,350.0,488.0,3.8,,11.34
Kachchh,Lakhpat1,7.6,3477.0,2330.0,0.0,159.0,815.0,3.0,435.0,0.0,130.0,180.0,134.0,1000.0,345.0,8.0,,4.74
Kachchh,Mata no madh,7.98,968.0,649.0,0.0,159.0,149.0,10.0,155.0,0.35,130.0,68.0,29.0,290.0,103.0,7.1,,2.63
Kachchh,Moti cher,7.92,3251.0,2178.0,0.0,122.0,957.0,5.0,188.0,0.0,100.0,140.0,144.0,950.0,330.0,19.1,,4.66
Kachchh,Dunai,7.68,998.0,669.0,0.0,403.0,106.0,5.0,55.0,0.7,330.0,32.0,48.0,280.0,122.0,2.1,,3.17
Kachchh,Kotadi,7.62,2874.0,1926.0,0.0,537.0,567.0,9.0,252.0,0.85,440.0,60.0,84.0,500.0,470.0,5.8,,9.14
Kachchh,Mandvi-3,7.6,616.0,413.0,0.0,354.0,57.0,6.0,8.0,0.0,290.0,68.0,14.0,230.0,54.0,29.5,,1.55
Kachchh,Ratanpur(maum.),7.8,1282.0,859.0,0.0,342.0,156.0,28.0,143.0,0.85,280.0,28.0,46.0,260.0,192.0,5.6,,5.18
Kachchh,Bhadreshwar,7.51,721.0,483.0,0.0,220.0,135.0,6.0,5.0,0.0,180.0,44.0,26.0,220.0,75.0,10.1,,2.2
Kachchh,Karagoga,7.6,4195.0,2811.0,0.0,964.0,780.0,8.0,153.0,1.2,790.0,100.0,24.0,350.0,793.0,2.8,0.0,18.43
Kachchh,Chandranagar,7.98,1972.0,1321.0,0.0,195.0,383.0,4.0,282.0,0.43,160.0,88.0,84.0,570.0,200.0,8.0,0.2,3.64
Kachchh,Devisar,7.9,4611.0,3089.0,0.0,244.0,1276.0,1.0,324.0,0.8,200.0,160.0,132.0,950.0,650.0,15.4,0.83,9.17
Kachchh,Deshalpur rapar,7.8,2250.0,1508.0,0.0,220.0,432.0,13.0,297.0,0.08,180.0,132.0,106.0,770.0,160.0,27.0,,2.51
Kachchh,Gagodar,7.9,20370.0,13648.0,0.0,366.0,5850.0,120.0,1468.0,1.4,300.0,600.0,657.0,4200.0,2800.0,150.0,4.9,18.78
Kachchh,Kuda,7.56,950.0,637.0,0.0,390.0,92.0,8.0,47.0,0.8,320.0,112.0,17.0,350.0,73.0,12.0,2.5,1.7
Kachchh,Lilpur,7.6,6880.0,4610.0,0.0,390.0,1737.0,40.0,850.0,0.95,320.0,420.0,276.0,2200.0,700.0,26.0,0.57,6.49
Kachchh,Rapar2,7.61,780.0,523.0,0.0,171.0,121.0,2.0,112.0,0.35,140.0,68.0,26.0,280.0,70.0,3.7,,1.82
Kheda,Balasinor1,7.55,663.0,444.0,0.0,171.0,99.0,26.0,72.0,0.35,140.0,68.0,31.0,300.0,36.0,0.7,,0.9
Kheda,Juna vasadra,8.05,4010.0,2687.0,0.0,586.0,922.0,32.0,254.0,0.35,480.0,200.0,240.0,1500.0,271.0,22.0,,3.04
Kheda,Ladvel,7.92,980.0,657.0,0.0,366.0,121.0,5.0,30.0,0.82,300.0,28.0,22.0,160.0,145.0,39.0,,4.98
Kheda,Alina,7.87,2423.0,1623.0,0.0,464.0,496.0,115.0,29.0,0.7,380.0,52.0,106.0,570.0,296.0,8.2,,5.39
Kheda,Mahudha,7.6,1911.0,1280.0,0.0,671.0,284.0,38.0,2.0,0.68,550.0,44.0,74.0,420.0,261.0,5.0,,5.54
Kheda,Nadiad2,7.61,1068.0,716.0,0.0,573.0,50.0,1.0,30.0,0.46,470.0,44.0,79.0,440.0,62.0,15.0,,1.29
Kheda,Dakor,7.92,1872.0,1254.0,0.0,830.0,156.0,21.0,8.0,0.72,680.0,32.0,77.0,400.0,240.0,12.2,,5.22
Kheda,Kalesar,8.0,1190.0,797.0,0.0,622.0,64.0,7.0,13.0,0.92,510.0,32.0,55.0,310.0,144.0,0.4,,3.56
Kheda,Alindra,7.66,789.0,529.0,0.0,390.0,28.0,10.0,45.0,0.6,320.0,48.0,41.0,290.0,58.0,1.7,,1.48
Kheda,Bariyavi,7.4,1200.0,804.0,0.0,378.0,156.0,6.0,100.0,0.1,310.0,56.0,48.0,340.0,139.0,1.2,,3.28
Kheda,Muliyad,7.98,6945.0,4653.0,0.0,171.0,2304.0,4.0,220.0,0.5,140.0,260.0,228.0,1600.0,950.0,0.4,,10.33
Kheda,Parvada,7.52,1200.0,804.0,0.0,476.0,120.0,25.0,4.0,0.7,390.0,56.0,43.0,320.0,112.0,27.0,,2.72
Mahesana,Asjol,8.18,540.0,362.0,0.0,220.0,28.0,60.0,4.0,0.08,180.0,64.0,12.0,210.0,29.0,12.1,0.85,0.87
Mahesana,Dharpura,8.2,990.0,663.0,0.0,500.0,57.0,16.0,8.0,0.7,410.0,32.0,14.0,140.0,172.0,46.0,0.05,6.32
Mahesana,Budasan,7.98,2580.0,1729.0,0.0,695.0,567.0,26.0,88.0,0.6,570.0,260.0,72.0,950.0,250.0,38.0,,3.53
Mahesana,Vidaj,7.86,2363.0,1583.0,0.0,573.0,390.0,50.0,100.0,0.2,470.0,140.0,36.0,500.0,245.0,157.0,0.2,4.76
Mahesana,Kheralu1,7.94,1796.0,1203.0,0.0,561.0,234.0,18.0,112.0,1.76,460.0,60.0,60.0,400.0,244.0,0.1,0.0,5.3
Mahesana,Rampura1,8.1,1214.0,813.0,0.0,537.0,92.0,5.0,89.0,0.37,440.0,64.0,34.0,300.0,170.0,2.1,0.0,4.27
Mahesana,Unad1,8.06,9124.0,6113.0,0.0,1488.0,2304.0,40.0,122.0,1.37,1220.0,200.0,240.0,1500.0,1460.0,23.0,0.0,16.39
Mahesana,Maguna,7.92,3081.0,2064.0,0.0,964.0,496.0,30.0,58.0,0.55,790.0,96.0,98.0,650.0,430.0,34.0,,7.33
Mahesana,Panchot,8.06,1950.0,1307.0,0.0,500.0,362.0,6.0,21.0,0.25,410.0,52.0,36.0,280.0,310.0,73.0,0.0,8.05
Mahesana,Dosaj,8.2,2920.0,1956.0,0.0,317.0,709.0,55.0,25.0,0.3,260.0,200.0,36.0,650.0,319.0,108.0,0.0,5.44
Mahesana,Sihi,7.6,830.0,556.0,0.0,317.0,85.0,17.0,10.0,0.33,260.0,52.0,29.0,250.0,72.0,51.0,0.0,1.98
Mahesana,Unawa,8.0,4310.0,2888.0,0.0,744.0,1064.0,8.0,29.0,0.4,610.0,140.0,180.0,1100.0,491.0,74.0,0.26,6.44
Mahesana,Bhandupara,8.1,2286.0,1532.0,0.0,488.0,447.0,3.0,72.0,0.72,400.0,32.0,70.0,370.0,344.0,20.8,0.0,7.78
Mahesana,Tarabh,8.1,512.0,343.0,0.0,244.0,43.0,2.0,11.0,0.3,200.0,56.0,17.0,210.0,30.0,7.7,,0.9
Mahesana,Unjha,7.68,3256.0,2182.0,0.0,610.0,496.0,150.0,322.0,1.0,500.0,120.0,108.0,750.0,422.0,94.0,0.0,6.7
Narmada,Kanbi pitha,8.1,603.0,404.0,0.0,305.0,35.0,2.0,17.0,0.25,250.0,56.0,31.0,270.0,23.0,0.1,,0.61
Narmada,Garudeshwar,7.9,1080.0,724.0,0.0,476.0,64.0,46.0,28.0,0.48,390.0,88.0,53.0,440.0,50.0,3.0,,1.04
Narmada,Hirapura,8.02,900.0,603.0,0.0,427.0,50.0,2.0,40.0,0.76,350.0,96.0,31.0,360.0,49.0,0.8,0.0,1.12
Narmada,Khota amba,7.9,673.0,451.0,0.0,354.0,21.0,0.0,36.0,0.4,290.0,76.0,31.0,320.0,18.0,0.0,,0.44
Narmada,Ringani,8.25,552.0,370.0,0.0,256.0,28.0,4.0,39.0,0.37,210.0,48.0,34.0,260.0,16.0,0.2,,0.43
Narmada,Sunderpura,7.2,1253.0,840.0,0.0,610.0,50.0,70.0,10.0,0.87,500.0,108.0,50.0,480.0,42.0,57.0,,0.83
Narmada,Amayar,8.2,456.0,306.0,0.0,232.0,21.0,1.0,15.0,0.33,190.0,40.0,22.0,190.0,22.0,0.1,,0.69
Narmada,Selemba,8.1,688.0,461.0,0.0,281.0,43.0,24.0,38.0,0.3,230.0,64.0,36.0,310.0,19.0,0.3,,0.47
Narmada,Namaria,7.82,4700.0,3149.0,0.0,525.0,908.0,720.0,133.0,0.83,430.0,160.0,310.0,1690.0,349.0,1.8,,3.69
Narmada,Alma wadi,7.7,1700.0,1139.0,0.0,183.0,255.0,230.0,180.0,0.19,150.0,164.0,96.0,810.0,36.0,1.1,2.0,0.55
Narmada,Besana,8.06,390.0,261.0,0.0,207.0,14.0,2.0,31.0,0.2,170.0,44.0,22.0,200.0,11.0,0.2,0.45,0.34
Narmada,Chuli,8.06,626.0,419.0,0.0,256.0,50.0,35.0,36.0,0.15,210.0,84.0,22.0,300.0,22.0,0.3,1.0,0.55
Narmada,Jankh,8.1,468.0,314.0,0.0,268.0,28.0,3.0,11.0,0.16,220.0,60.0,7.0,180.0,43.0,0.0,3.5,1.39
Narmada,Khadiapada,8.0,471.0,316.0,0.0,220.0,21.0,7.0,10.0,0.02,180.0,52.0,14.0,190.0,17.0,0.0,0.85,0.54
Narmada,Ralda,8.0,565.0,379.0,0.0,293.0,14.0,5.0,19.0,0.3,240.0,72.0,17.0,250.0,16.0,0.3,0.0,0.44
Narmada,Umran,7.9,496.0,332.0,0.0,220.0,35.0,17.0,13.0,0.1,180.0,56.0,22.0,230.0,13.0,0.0,1.0,0.37
Navsari,Unai,7.73,650.0,436.0,0.0,171.0,99.0,24.0,45.0,0.35,140.0,56.0,31.0,270.0,36.0,1.3,0.0,0.95
Navsari,Hond,7.65,1170.0,784.0,0.0,537.0,92.0,24.0,10.0,0.25,440.0,124.0,34.0,450.0,63.0,13.0,,1.29
Navsari,Kaliyari,7.61,628.0,421.0,0.0,256.0,64.0,13.0,54.0,0.27,210.0,52.0,43.0,310.0,27.0,0.6,,0.67
Navsari,Khergam,7.31,520.0,348.0,0.0,220.0,50.0,6.0,40.0,0.35,180.0,64.0,19.0,240.0,27.0,0.2,,0.76
Navsari,Sari khurd,7.71,1220.0,817.0,0.0,329.0,158.0,1.0,145.0,0.18,270.0,40.0,48.0,300.0,160.0,20.0,,4.02
Navsari,Abrama,7.81,2880.0,1930.0,0.0,464.0,745.0,8.0,12.0,0.4,380.0,160.0,60.0,650.0,362.0,22.0,,6.17
Navsari,Chinam,7.52,3140.0,2104.0,0.0,793.0,496.0,21.0,156.0,0.49,650.0,240.0,24.0,700.0,230.0,340.0,,3.78
Navsari,Dandi,7.98,1290.0,864.0,0.0,427.0,156.0,22.0,39.0,0.15,350.0,52.0,38.0,290.0,143.0,61.0,,3.65
Navsari,Onjal,7.95,1160.0,777.0,0.0,220.0,241.0,2.0,10.0,0.26,180.0,80.0,34.0,340.0,91.0,5.3,,2.15
Navsari,Ubhrat,7.61,610.0,409.0,0.0,317.0,50.0,9.0,17.0,0.38,260.0,48.0,12.0,170.0,86.0,16.0,,2.87
Navsari,Navsari1,7.66,6000.0,4020.0,0.0,232.0,1879.0,5.0,80.0,0.48,190.0,340.0,144.0,1450.0,696.0,6.2,,7.95
Navsari,Chadav,7.7,840.0,563.0,0.0,354.0,85.0,12.0,47.0,0.7,290.0,84.0,38.0,370.0,47.0,3.0,0.0,1.06
Navsari,Dhanav,7.81,745.0,499.0,0.0,354.0,50.0,3.0,53.0,1.07,290.0,40.0,41.0,270.0,70.0,0.6,,1.85
Navsari,Manavkhadak,7.91,475.0,318.0,0.0,244.0,35.0,2.0,36.0,0.84,200.0,52.0,22.0,220.0,33.0,0.5,0.03,0.97
Navsari,Moti Valzar,7.81,615.0,412.0,0.0,293.0,42.0,7.0,60.0,0.7,240.0,68.0,29.0,290.0,37.0,0.8,0.03,0.94
Navsari,Panikhadak,7.35,672.0,450.0,0.0,281.0,85.0,5.0,9.0,0.33,230.0,88.0,24.0,320.0,21.0,3.0,0.0,0.51
Panchmahals,Ranipura,8.1,2294.0,1537.0,0.0,415.0,412.0,65.0,198.0,1.45,340.0,96.0,117.0,720.0,217.0,3.9,,3.52
Panchmahals,Godhra1,7.9,1166.0,781.0,0.0,305.0,121.0,44.0,36.0,1.08,250.0,52.0,20.0,210.0,133.0,0.7,0.11,3.99
Panchmahals,Tuwa,8.1,1124.0,753.0,0.0,305.0,142.0,35.0,80.0,0.5,250.0,84.0,20.0,290.0,127.0,14.5,,3.24
Panchmahals,Shivrajpur,8.2,998.0,669.0,0.0,195.0,199.0,7.0,84.0,0.15,160.0,96.0,24.0,340.0,91.0,1.0,,2.15
Panchmahals,Tarkanda,8.0,988.0,662.0,0.0,244.0,135.0,11.0,115.0,0.4,200.0,96.0,24.0,340.0,84.0,2.2,,1.98
Panchmahals,Timbi2,8.1,982.0,658.0,0.0,342.0,71.0,39.0,152.0,0.35,280.0,96.0,34.0,370.0,93.0,0.2,,2.1
Panchmahals,Kothamba,8.0,1890.0,1266.0,0.0,342.0,355.0,55.0,72.0,0.6,280.0,40.0,98.0,500.0,188.0,2.9,,3.66
Panchmahals,Limbadia peti,7.9,820.0,549.0,0.0,451.0,57.0,6.0,71.0,1.15,370.0,16.0,44.0,220.0,144.0,1.0,,4.22
Panchmahals,Malekpur1,8.2,638.0,427.0,0.0,281.0,64.0,11.0,38.0,0.77,230.0,24.0,32.0,190.0,84.0,3.7,,2.65
Panchmahals,Santroad,8.0,668.0,448.0,0.0,305.0,64.0,19.0,44.0,0.82,250.0,36.0,27.0,200.0,94.0,1.8,,2.89
Panchmahals,Gadhar,7.8,842.0,564.0,0.0,342.0,78.0,26.0,39.0,0.88,280.0,56.0,29.0,260.0,90.0,3.3,,2.43
Panchmahals,Santrampur1,8.1,957.0,641.0,0.0,439.0,99.0,7.0,30.0,0.85,360.0,40.0,27.0,210.0,152.0,1.6,,4.56
Panchmahals,Shehra,8.0,1729.0,1158.0,0.0,781.0,156.0,32.0,35.0,0.55,640.0,28.0,41.0,240.0,316.0,97.8,,8.87
Panchmahals,Chhabanpur,8.0,846.0,567.0,0.0,232.0,121.0,48.0,48.0,0.55,190.0,48.0,22.0,210.0,112.0,0.9,0.09,3.36
Panchmahals,Dhanol nani,7.8,3014.0,2019.0,0.0,659.0,298.0,10.0,74.0,2.7,540.0,20.0,20.0,130.0,427.0,5.4,,16.28
Panchmahals,Godhara uban 3,8.1,2198.0,1473.0,0.0,390.0,483.0,7.0,87.0,1.25,320.0,132.0,132.0,870.0,110.0,3.2,0.17,1.62
Panchmahals,Jambughora,8.0,1096.0,734.0,0.0,281.0,170.0,20.0,50.0,0.6,230.0,76.0,34.0,330.0,98.0,1.4,,2.35
Panchmahals,Jawan,8.0,463.0,310.0,0.0,134.0,71.0,10.0,41.0,0.45,110.0,40.0,17.0,170.0,43.0,11.6,0.0,1.43
Panchmahals,Jokha,7.8,901.0,604.0,0.0,451.0,92.0,4.0,25.0,1.05,370.0,20.0,34.0,190.0,158.0,4.6,0.09,4.98
Panchmahals,Kalol urban 2,7.8,1530.0,1025.0,0.0,561.0,156.0,42.0,40.0,0.95,460.0,44.0,78.0,430.0,152.0,0.8,0.0,3.19
Panchmahals,Khadki,7.9,1380.0,925.0,0.0,573.0,99.0,3.0,65.0,1.2,470.0,44.0,59.0,350.0,154.0,1.3,0.0,3.58
Panchmahals,Khanpur,7.8,758.0,508.0,0.0,293.0,85.0,40.0,32.0,0.45,240.0,44.0,27.0,220.0,96.0,0.5,0.0,2.81
Panchmahals,Kotha,8.0,723.0,484.0,0.0,293.0,85.0,9.0,49.0,0.6,240.0,24.0,22.0,150.0,125.0,0.4,0.0,4.44
Panchmahals,Natapur,8.0,789.0,529.0,0.0,325.0,71.0,32.0,33.0,2.1,266.0,28.0,29.0,190.0,112.0,2.0,,3.53
Panchmahals,Sarsava,8.0,622.0,417.0,0.0,293.0,43.0,29.0,31.0,0.55,240.0,36.0,22.0,180.0,82.0,1.8,2.55,2.66
Panchmahals,Suliyat,7.8,1090.0,730.0,0.0,244.0,135.0,66.0,65.0,0.82,200.0,60.0,29.0,270.0,113.0,4.9,0.06,2.99
Patan,Dharmoda1,7.56,2940.0,1970.0,0.0,915.0,496.0,26.0,1.0,0.0,750.0,80.0,36.0,350.0,520.0,40.8,,12.08
Patan,Dhinoj1,7.98,1569.0,1051.0,0.0,293.0,354.0,40.0,21.0,0.0,240.0,48.0,43.0,300.0,230.0,30.0,,5.77
Patan,Patan2,8.06,2994.0,2006.0,0.0,769.0,319.0,10.0,301.0,0.4,630.0,160.0,96.0,800.0,280.0,30.0,,4.3
Patan,Sander,8.15,595.0,399.0,0.0,207.0,57.0,48.0,9.0,0.13,170.0,28.0,19.0,150.0,69.0,6.0,,2.45
Patan,Shankhari,7.6,1053.0,706.0,0.0,415.0,149.0,20.0,17.0,1.03,340.0,24.0,19.0,140.0,207.0,9.1,,7.61
Patan,Radhanpur2,7.7,4422.0,2963.0,0.0,561.0,1204.0,6.0,55.0,1.17,460.0,140.0,48.0,530.0,789.0,31.0,,14.9
Patan,Moti chander,7.81,20800.0,13936.0,0.0,561.0,6878.0,11.0,804.0,0.08,460.0,460.0,648.0,3850.0,3350.0,35.6,,23.47
Patan,Piprala,7.86,5085.0,3407.0,0.0,793.0,1170.0,20.0,233.0,2.5,650.0,60.0,84.0,500.0,960.0,0.6,,18.67
Porbandar,Kadegi,7.5,4450.0,2982.0,0.0,207.0,1122.0,3.0,382.0,0.42,170.0,208.0,117.0,1000.0,540.0,5.5,,7.42
Porbandar,Kutiyana1,7.9,1450.0,972.0,0.0,134.0,327.0,29.0,103.0,0.35,110.0,64.0,29.0,280.0,197.0,17.1,,5.12
Porbandar,Adwana1,8.0,1334.0,894.0,0.0,378.0,199.0,74.0,11.0,0.15,310.0,56.0,63.0,400.0,122.0,1.3,,2.65
Porbandar,Balej,7.4,5226.0,3501.0,0.0,256.0,1392.0,80.0,347.0,0.18,210.0,296.0,78.0,1060.0,720.0,24.2,,9.62
Porbandar,Bhavpura,7.6,5106.0,3421.0,0.0,256.0,1619.0,76.0,14.0,0.25,210.0,344.0,121.0,1360.0,570.0,10.2,,6.72
Porbandar,Khambodar,8.0,2520.0,1688.0,0.0,476.0,497.0,28.0,93.0,0.94,390.0,120.0,49.0,500.0,332.0,19.1,,6.46
Porbandar,Kuchhadi,7.5,5490.0,3678.0,0.0,268.0,1250.0,32.0,610.0,0.55,220.0,104.0,92.0,640.0,933.0,68.3,2.4,16.03
Porbandar,Miyani,7.7,3824.0,2562.0,0.0,268.0,1008.0,42.0,188.0,0.2,220.0,184.0,15.0,520.0,630.0,35.5,,12.01
Porbandar,Navibandar,7.6,3990.0,2673.0,0.0,220.0,980.0,37.0,328.0,0.6,180.0,144.0,44.0,540.0,650.0,33.9,,12.16
Porbandar,Oddar,7.9,6066.0,4064.0,0.0,439.0,1775.0,29.0,506.0,1.36,360.0,140.0,219.0,1250.0,1012.0,34.1,,12.45
Porbandar,Palkhada,7.2,5300.0,3551.0,0.0,207.0,1392.0,440.0,275.0,0.1,170.0,424.0,102.0,1480.0,607.0,39.4,,6.86
Porbandar,Pata,8.2,3392.0,2273.0,0.0,500.0,866.0,60.0,92.0,0.05,410.0,168.0,44.0,600.0,548.0,18.7,,9.73
Porbandar,Porbandar1,8.1,1910.0,1280.0,0.0,415.0,376.0,14.0,35.0,0.55,340.0,44.0,32.0,240.0,316.0,28.3,,8.87
Porbandar,Hanumangadh,8.0,1874.0,1256.0,0.0,293.0,391.0,35.0,76.0,0.78,240.0,84.0,24.0,310.0,275.0,22.3,,6.79
Porbandar,Ranavav,8.2,1112.0,745.0,0.0,281.0,199.0,42.0,3.0,0.54,230.0,68.0,24.0,270.0,130.0,2.4,,3.44
Porbander,Adityana,8.2,760.0,509.0,0.0,183.0,107.0,37.0,40.0,0.65,150.0,44.0,17.0,180.0,90.0,2.8,,2.92
Porbander,Babda,8.0,2116.0,1418.0,0.0,366.0,469.0,8.0,77.0,0.35,300.0,52.0,39.0,290.0,353.0,2.7,,9.01
Porbander,Bakharla,7.8,2295.0,1538.0,0.0,354.0,440.0,70.0,143.0,0.55,290.0,128.0,58.0,560.0,260.0,9.5,,4.78
Porbander,Bhod,8.2,855.0,573.0,0.0,268.0,114.0,30.0,25.0,0.5,220.0,88.0,15.0,280.0,71.0,2.2,,1.84
Porbander,Galodar,8.1,960.0,643.0,0.0,329.0,114.0,35.0,17.0,0.24,270.0,68.0,41.0,340.0,64.0,0.6,,1.51
Porbander,Kalej,7.5,8500.0,5695.0,0.0,73.0,2911.0,98.0,239.0,0.35,60.0,94.0,340.0,3750.0,367.0,4.8,,2.61
Porbander,Kevadra,8.2,1010.0,677.0,0.0,415.0,92.0,6.0,46.0,0.65,340.0,96.0,39.0,400.0,58.0,7.5,,1.26
Porbander,Kolikheda,8.2,2000.0,1340.0,0.0,305.0,497.0,60.0,78.0,2.1,250.0,16.0,22.0,130.0,444.0,1.5,,16.93
Porbander,Lamba,7.5,3870.0,2593.0,0.0,329.0,923.0,105.0,247.0,0.47,270.0,288.0,107.0,1160.0,355.0,2.3,,4.53
Porbander,Mocha,7.9,2224.0,1490.0,0.0,195.0,611.0,14.0,45.0,0.15,160.0,192.0,54.0,700.0,180.0,18.6,,2.96
Porbander,Mojiwana,7.5,6375.0,4271.0,0.0,281.0,2024.0,60.0,79.0,0.56,230.0,320.0,365.0,2300.0,439.0,1.2,,3.98
Porbander,Patla,8.1,806.0,540.0,0.0,281.0,107.0,40.0,7.0,0.33,230.0,56.0,27.0,250.0,80.0,1.1,0.85,2.2
Porbander,Rana Kandona,7.5,4424.0,2964.0,0.0,220.0,1321.0,120.0,41.0,0.8,180.0,296.0,92.0,1120.0,501.0,2.6,,6.51
Porbander,Ratadi,7.7,4801.0,3217.0,0.0,378.0,1250.0,64.0,274.0,0.7,310.0,120.0,63.0,560.0,862.0,9.8,,15.84
Porbander,Ratanpur,7.7,8004.0,5363.0,0.0,342.0,2166.0,5.0,570.0,0.47,280.0,200.0,121.0,1000.0,1368.0,29.8,,18.81
Porbander,Ratia,7.8,2454.0,1644.0,0.0,329.0,554.0,70.0,70.0,0.35,270.0,128.0,44.0,500.0,290.0,79.0,,5.64
Porbander,Shepa,8.0,1250.0,838.0,0.0,305.0,185.0,44.0,46.0,0.68,250.0,84.0,36.0,360.0,110.0,17.2,,2.52
Porbander,Simar,8.0,1705.0,1142.0,0.0,281.0,383.0,31.0,45.0,0.2,230.0,96.0,27.0,350.0,230.0,1.9,,5.35
Porbander,Tukra,7.5,2194.0,1470.0,0.0,268.0,454.0,7.0,99.0,0.23,220.0,48.0,34.0,260.0,330.0,79.9,,8.9
Porbander,Visavada,7.7,2965.0,1987.0,0.0,281.0,696.0,13.0,182.0,1.0,230.0,104.0,49.0,460.0,445.0,40.4,,9.02
Rajkot,Bhada jodiya,8.1,1390.0,931.0,0.0,512.0,156.0,29.0,41.0,0.75,420.0,32.0,24.0,180.0,244.0,1.9,,7.91
Rajkot,Dhoraji,8.0,1336.0,895.0,0.0,232.0,249.0,42.0,79.0,0.0,190.0,96.0,66.0,510.0,70.0,2.9,,1.35
Rajkot,Patanvav,8.2,694.0,465.0,0.0,342.0,71.0,6.0,6.0,0.35,280.0,88.0,12.0,270.0,57.0,17.3,,1.51
Rajkot,Chordi,7.8,980.0,657.0,0.0,134.0,149.0,92.0,52.0,0.1,110.0,68.0,29.0,290.0,74.0,0.0,,1.89
Rajkot,Dadia,8.1,651.0,436.0,0.0,244.0,50.0,58.0,14.0,0.25,200.0,60.0,22.0,240.0,43.0,0.0,0.0,1.21
Rajkot,Jamwali,7.9,513.0,344.0,0.0,171.0,78.0,1.0,17.0,0.0,140.0,40.0,17.0,170.0,46.0,2.3,,1.53
Rajkot,Kalithad,7.9,354.0,237.0,0.0,159.0,36.0,5.0,25.0,0.5,130.0,28.0,24.0,170.0,20.0,2.3,,0.67
Rajkot,Mota dadwa,7.9,2034.0,1363.0,0.0,220.0,398.0,96.0,160.0,0.35,180.0,132.0,78.0,650.0,158.0,3.3,,2.69
Rajkot,Ribda,8.2,731.0,490.0,0.0,342.0,64.0,16.0,37.0,0.0,280.0,60.0,32.0,280.0,66.0,1.1,,1.71
Rajkot,Jasapur,8.2,1060.0,710.0,0.0,183.0,142.0,88.0,63.0,0.05,150.0,64.0,39.0,320.0,78.0,0.3,,1.9
Rajkot,Jasdan2,8.1,1209.0,810.0,0.0,244.0,199.0,19.0,85.0,0.1,200.0,120.0,7.0,330.0,119.0,2.0,,2.85
Rajkot,Kamlapur,7.9,4154.0,2783.0,0.0,61.0,1243.0,152.0,88.0,0.35,50.0,460.0,49.0,1350.0,318.0,4.5,,3.76
Rajkot,Lalavadar,8.0,796.0,533.0,0.0,293.0,64.0,64.0,26.0,0.45,240.0,64.0,32.0,290.0,56.0,1.7,,1.43
Rajkot,Vinchhia,7.9,606.0,406.0,0.0,281.0,71.0,5.0,25.0,0.4,230.0,40.0,24.0,200.0,75.0,1.5,,2.31
Rajkot,Viranagar,8.0,2458.0,1647.0,0.0,512.0,511.0,78.0,89.0,0.6,420.0,60.0,127.0,670.0,293.0,0.7,,4.92
Rajkot,Jetpur pithad.,7.9,3743.0,2508.0,0.0,183.0,959.0,72.0,340.0,0.0,150.0,420.0,146.0,1650.0,130.0,0.2,,1.39
Rajkot,Motagundala,8.1,757.0,507.0,0.0,244.0,128.0,2.0,15.0,0.65,200.0,44.0,22.0,200.0,93.0,0.1,,2.86
Rajkot,Pedhla,8.1,6108.0,4092.0,0.0,220.0,1846.0,60.0,112.0,1.7,180.0,260.0,159.0,1300.0,776.0,1.6,,9.36
Rajkot,Umrali,8.1,1400.0,938.0,0.0,342.0,192.0,110.0,52.0,0.45,280.0,116.0,41.0,460.0,110.0,2.3,,2.23
Rajkot,Virpur1,8.2,632.0,423.0,0.0,171.0,121.0,5.0,7.0,0.0,140.0,40.0,24.0,200.0,57.0,3.3,,1.75
Rajkot,Lodhika1,8.1,189.0,127.0,0.0,37.0,43.0,8.0,9.0,0.0,30.0,8.0,5.0,40.0,31.0,0.3,,2.13
Rajkot,Malia,8.0,1667.0,1117.0,0.0,366.0,234.0,3.0,172.0,1.6,300.0,44.0,22.0,200.0,285.0,4.3,,8.76
Rajkot,Mota dhansura,8.0,1257.0,842.0,0.0,220.0,234.0,1.0,66.0,0.65,180.0,52.0,27.0,240.0,159.0,8.0,,4.46
Rajkot,Sarvad,8.1,1301.0,872.0,0.0,488.0,199.0,5.0,32.0,0.75,400.0,52.0,17.0,200.0,241.0,10.5,,7.41
Rajkot,Amar nagar,8.0,14530.0,9735.0,0.0,342.0,4864.0,20.0,588.0,4.75,280.0,360.0,659.0,3600.0,1964.0,3.0,,14.23
Rajkot,Macchukunda,8.0,1521.0,1019.0,0.0,329.0,241.0,20.0,153.0,0.5,270.0,64.0,54.0,380.0,189.0,9.2,0.01,4.22
Rajkot,Modpar1,8.2,11200.0,7504.0,0.0,244.0,3550.0,7.0,1170.0,0.0,200.0,300.0,366.0,2250.0,1953.0,18.7,,17.9
Rajkot,Morvi,8.1,2690.0,1802.0,0.0,476.0,398.0,22.0,332.0,1.8,390.0,72.0,76.0,490.0,385.0,3.7,,7.56
Rajkot,Nichi mandal,8.2,1519.0,1018.0,0.0,317.0,241.0,21.0,106.0,0.65,260.0,60.0,54.0,370.0,167.0,9.4,,3.77
Rajkot,Khamta,8.2,1124.0,753.0,0.0,220.0,156.0,8.0,92.0,0.35,180.0,52.0,29.0,250.0,118.0,5.3,,3.24
Rajkot,Movaiya,8.0,3389.0,2271.0,0.0,476.0,781.0,230.0,90.0,1.6,390.0,100.0,61.0,500.0,593.0,2.3,,11.53
Rajkot,Padadhari,8.0,1130.0,757.0,0.0,293.0,178.0,10.0,37.0,0.05,240.0,52.0,41.0,300.0,111.0,4.2,,2.79
Rajkot,Targhari,8.2,1142.0,765.0,0.0,281.0,178.0,11.0,31.0,0.4,230.0,48.0,41.0,290.0,109.0,4.4,,2.78
Rajkot,Gavridad,8.0,366.0,245.0,0.0,98.0,36.0,3.0,54.0,0.0,80.0,32.0,15.0,140.0,23.0,2.5,,0.85
Rajkot,Halenda,8.0,1723.0,1154.0,0.0,476.0,263.0,66.0,53.0,0.35,390.0,76.0,95.0,580.0,136.0,3.2,,2.46
Rajkot,Rajkot1,7.9,1108.0,742.0,0.0,476.0,114.0,21.0,13.0,0.15,390.0,108.0,29.0,390.0,89.0,7.9,,1.96
Rajkot,Ranpur1,8.0,1176.0,788.0,0.0,268.0,220.0,15.0,41.0,0.25,220.0,72.0,34.0,320.0,124.0,8.6,,3.01
Rajkot,Sardhar1,8.0,2198.0,1473.0,0.0,744.0,277.0,14.0,87.0,0.15,610.0,80.0,59.0,440.0,307.0,7.8,0.08,6.36
Rajkot,Chhatar,8.0,1563.0,1047.0,0.0,256.0,305.0,35.0,69.0,0.7,210.0,92.0,61.0,480.0,123.0,0.1,,2.44
Rajkot,Hadmatia,8.2,2657.0,1780.0,0.0,500.0,383.0,23.0,275.0,1.4,410.0,80.0,73.0,500.0,352.0,3.5,0.0,6.84
Rajkot,Kalyanpur2,7.8,1409.0,944.0,0.0,464.0,178.0,9.0,49.0,0.95,380.0,32.0,54.0,300.0,182.0,2.7,,4.57
Rajkot,Lajai,8.1,2952.0,1978.0,0.0,354.0,675.0,31.0,239.0,2.25,290.0,88.0,68.0,500.0,476.0,2.3,,9.26
Rajkot,Ganod,8.1,6631.0,4443.0,0.0,354.0,1953.0,68.0,235.0,2.0,290.0,280.0,134.0,1250.0,982.0,1.2,,12.08
Rajkot,Upleta2,8.0,2204.0,1477.0,0.0,683.0,284.0,70.0,66.0,3.4,560.0,20.0,32.0,180.0,423.0,0.6,,13.71
Rajkot,Bhalgam,7.9,1251.0,838.0,0.0,415.0,163.0,5.0,38.0,0.75,340.0,84.0,32.0,340.0,128.0,1.4,0.06,3.02
Rajkot,Sindhavadar,8.2,1553.0,1041.0,0.0,366.0,277.0,60.0,78.0,1.1,300.0,44.0,46.0,300.0,243.0,0.1,,6.1
Rajkot,Wankaner-1,8.1,14900.0,9983.0,0.0,415.0,4828.0,21.0,227.0,4.5,340.0,360.0,671.0,3650.0,1772.0,3.2,,12.75
Rajkot,Bhadragarh,7.68,1675.0,1122.0,0.0,354.0,234.0,5.0,185.0,2.6,290.0,44.0,29.0,230.0,275.0,4.1,,7.88
Sabarkantha,Boral,7.8,2890.0,1936.0,0.0,512.0,646.0,145.0,94.0,0.55,420.0,120.0,78.0,620.0,432.0,0.8,,7.54
Sabarkantha,Bhiloda2,8.06,1412.0,946.0,0.0,256.0,192.0,32.0,96.0,0.6,210.0,76.0,44.0,370.0,111.0,2.0,,2.51
Sabarkantha,Punasan,7.65,841.0,563.0,0.0,232.0,85.0,50.0,35.0,0.4,190.0,56.0,19.0,220.0,78.0,0.4,,2.29
Sabarkantha,Shamlaji,7.9,752.0,504.0,0.0,317.0,78.0,1.0,23.0,0.45,260.0,52.0,24.0,230.0,77.0,2.2,0.0,2.21
Sabarkantha,Takatuka,7.85,2149.0,1440.0,0.0,354.0,391.0,70.0,76.0,1.0,290.0,60.0,68.0,430.0,256.0,1.3,0.25,5.37
Sabarkantha,Dhansura,7.8,1154.0,773.0,0.0,451.0,92.0,48.0,36.0,0.75,370.0,40.0,46.0,290.0,133.0,0.2,,3.4
Sabarkantha,Karanpur,7.9,704.0,472.0,0.0,281.0,85.0,38.0,23.0,0.75,230.0,36.0,17.0,160.0,114.0,0.0,,3.92
Sabarkantha,Gadha1,7.8,2586.0,1733.0,0.0,353.0,433.0,80.0,160.0,2.14,289.0,92.0,44.0,410.0,338.0,2.6,,7.26
Sabarkantha,Virpur2,7.9,701.0,470.0,0.0,244.0,43.0,40.0,60.0,0.8,200.0,72.0,19.0,260.0,45.0,2.0,0.01,1.21
Sabarkantha,Bhadreshwar1,8.0,2302.0,1542.0,0.0,524.0,298.0,45.0,186.0,1.1,430.0,76.0,61.0,440.0,298.0,2.4,0.0,6.18
Sabarkantha,Revas,7.9,1805.0,1209.0,0.0,281.0,227.0,190.0,54.0,0.95,230.0,140.0,58.0,580.0,86.0,1.2,,1.55
Sabarkantha,Khedbramha,7.9,3671.0,2460.0,0.0,171.0,994.0,160.0,90.0,0.85,140.0,380.0,97.0,1350.0,200.0,2.6,0.08,2.37
Sabarkantha,Matoda,8.2,2146.0,1438.0,0.0,220.0,369.0,155.0,120.0,0.45,180.0,160.0,73.0,700.0,119.0,23.5,,1.96
Sabarkantha,Silwad,8.2,4571.0,3063.0,0.0,342.0,1243.0,120.0,101.0,1.15,280.0,220.0,170.0,1250.0,465.0,10.3,,5.72
Sabarkantha,Meghraj,7.82,720.0,482.0,0.0,244.0,57.0,1.0,10.0,0.35,200.0,44.0,22.0,200.0,43.0,3.9,0.14,1.32
Sabarkantha,Seenawad,8.0,1379.0,924.0,0.0,268.0,163.0,85.0,55.0,0.77,220.0,80.0,48.0,400.0,83.0,7.9,,1.8
Sabarkantha,Harsol1,7.9,1486.0,996.0,0.0,634.0,99.0,60.0,69.0,2.3,520.0,48.0,53.0,340.0,206.0,1.0,,4.86
Sabarkantha,Choriwad,8.0,2174.0,1457.0,0.0,244.0,348.0,200.0,125.0,0.9,200.0,252.0,48.0,830.0,74.0,2.5,,1.12
Sabarkantha,Wadali,8.1,1893.0,1268.0,0.0,256.0,256.0,180.0,130.0,1.22,210.0,148.0,41.0,540.0,147.0,6.3,,2.75
Sabarkantha,Atarsumba,7.9,1081.0,724.0,0.0,232.0,114.0,45.0,48.0,0.3,190.0,80.0,22.0,290.0,69.0,3.0,0.0,1.76
Sabarkantha,Alwakampa,7.9,1196.0,801.0,0.0,439.0,170.0,46.0,23.0,0.55,360.0,24.0,66.0,330.0,154.0,0.2,0.0,3.69
Sabarkantha,Boriya,7.9,3413.0,2287.0,0.0,207.0,888.0,150.0,161.0,0.5,170.0,200.0,73.0,800.0,427.0,1.0,0.1,6.56
Sabarkantha,Chandav,8.0,1298.0,870.0,0.0,329.0,142.0,65.0,82.0,1.3,270.0,104.0,32.0,390.0,103.0,7.3,0.08,2.27
Sabarkantha,Gadada,7.78,1803.0,1208.0,0.0,256.0,270.0,145.0,168.0,1.2,210.0,64.0,90.0,530.0,166.0,2.1,0.08,3.14
Sabarkantha,Kesharpur Idar,8.1,1684.0,1128.0,0.0,207.0,249.0,140.0,72.0,0.7,170.0,172.0,24.0,530.0,85.0,2.4,0.11,1.61
Sabarkantha,Kesharpur Talod,7.8,1440.0,965.0,0.0,488.0,128.0,80.0,24.0,2.8,400.0,28.0,34.0,210.0,216.0,1.2,0.0,6.48
Sabarkantha,Kherwada,7.7,867.0,581.0,0.0,256.0,121.0,0.0,28.0,0.25,210.0,56.0,29.0,260.0,70.0,1.5,0.27,1.89
Sabarkantha,Malpur,8.0,702.0,470.0,0.0,268.0,57.0,70.0,23.0,1.0,220.0,44.0,29.0,230.0,71.0,0.0,0.0,2.04
Sabarkantha,Medasana,8.1,1233.0,826.0,0.0,268.0,163.0,55.0,96.0,0.85,220.0,60.0,39.0,310.0,133.0,1.2,0.2,3.28
Sabarkantha,Sabalwad,8.1,1081.0,724.0,0.0,342.0,92.0,60.0,69.0,3.5,280.0,100.0,24.0,350.0,88.0,2.0,0.78,2.05
Sabarkantha,Umedpur,7.8,1869.0,1252.0,0.0,525.0,227.0,100.0,32.0,1.37,430.0,36.0,73.0,390.0,222.0,0.6,,4.89
Surat,Allu,7.91,680.0,456.0,0.0,305.0,28.0,9.0,137.0,1.17,250.0,48.0,46.0,310.0,61.0,0.2,,1.51
Surat,Sarbhon,7.65,1210.0,811.0,0.0,317.0,170.0,9.0,145.0,0.94,260.0,32.0,50.0,290.0,172.0,3.0,0.11,4.39
Surat,Ten-bardoli,7.7,870.0,583.0,0.0,366.0,50.0,3.0,67.0,0.43,300.0,40.0,43.0,280.0,76.0,2.1,0.08,1.97
Surat,Sachin town,7.61,1847.0,1237.0,0.0,317.0,454.0,4.0,84.0,0.36,260.0,88.0,91.0,600.0,184.0,3.2,,3.27
Surat,Sultanabad,7.68,1074.0,720.0,0.0,451.0,128.0,28.0,37.0,0.2,370.0,44.0,60.0,360.0,117.0,24.0,,2.68
Surat,Kathor,7.56,1440.0,965.0,0.0,525.0,156.0,22.0,87.0,0.45,430.0,44.0,82.0,450.0,144.0,1.3,0.02,2.95
Surat,Kasal,8.0,792.0,531.0,0.0,268.0,85.0,23.0,60.0,0.2,220.0,80.0,38.0,360.0,29.0,0.3,,0.66
Surat,Malda,7.61,774.0,519.0,0.0,390.0,43.0,12.0,49.0,0.42,320.0,100.0,26.0,360.0,38.0,3.0,,0.87
Surat,Mandvi2,7.7,1184.0,793.0,0.0,281.0,156.0,125.0,81.0,0.4,230.0,88.0,55.0,450.0,87.0,0.3,0.02,1.78
Surat,Ushker,7.89,890.0,596.0,0.0,329.0,71.0,25.0,56.0,0.33,270.0,64.0,34.0,300.0,69.0,1.9,,1.73
Surat,Dungri,7.81,1600.0,1072.0,0.0,671.0,142.0,25.0,35.0,0.88,550.0,128.0,34.0,460.0,162.0,4.7,0.1,3.28
Surat,Gangtha,7.85,1200.0,804.0,0.0,512.0,71.0,33.0,87.0,0.4,420.0,80.0,65.0,470.0,78.0,7.3,0.2,1.56
Surat,Pankheda,7.78,680.0,456.0,0.0,305.0,57.0,34.0,22.0,0.5,250.0,68.0,36.0,320.0,29.0,0.3,0.04,0.7
Surat,Olpad2,7.5,1770.0,1186.0,0.0,659.0,206.0,40.0,20.0,1.17,540.0,32.0,46.0,270.0,252.0,66.3,,6.67
Surat,Wadoli,7.81,2650.0,1776.0,0.0,134.0,745.0,4.0,191.0,0.8,110.0,120.0,144.0,900.0,220.0,2.7,,3.19
Surat,Kadodra,7.91,846.0,567.0,0.0,342.0,71.0,6.0,97.0,0.18,280.0,64.0,31.0,290.0,91.0,1.0,0.0,2.32
Surat,Palsana,7.9,975.0,653.0,0.0,342.0,121.0,3.0,84.0,0.1,280.0,52.0,36.0,280.0,121.0,8.6,0.0,3.14
Surat,Bhurvel (ukai),7.9,2316.0,1552.0,0.0,403.0,567.0,8.0,5.0,0.3,330.0,124.0,46.0,500.0,297.0,11.0,,5.77
Surat,Jesingpura[sg],7.5,744.0,498.0,0.0,451.0,21.0,3.0,6.0,0.13,370.0,80.0,41.0,370.0,18.0,0.8,,0.41
Surat,Surat1,7.62,680.0,456.0,0.0,317.0,64.0,5.0,37.0,0.22,260.0,60.0,29.0,270.0,57.0,4.3,,1.51
Surat,Tawali,7.7,700.0,469.0,0.0,281.0,57.0,28.0,73.0,0.15,230.0,72.0,41.0,350.0,28.0,1.2,,0.65
Surat,Uchchhal1,7.61,790.0,529.0,0.0,305.0,64.0,50.0,60.0,0.2,250.0,72.0,48.0,380.0,30.0,0.5,,0.67
Surat,Chavada,7.9,430.0,288.0,0.0,183.0,43.0,19.0,11.0,0.2,150.0,40.0,24.0,200.0,18.0,0.3,,0.55
Surat,Bedchit,7.62,1384.0,927.0,0.0,390.0,206.0,23.0,108.0,0.78,320.0,60.0,91.0,530.0,100.0,0.3,0.0,1.89
Surat,Karanjvel,7.82,400.0,268.0,0.0,232.0,21.0,26.0,42.0,0.34,190.0,60.0,22.0,240.0,21.0,2.0,0.08,0.59
Surat,Vyara1,7.5,390.0,261.0,0.0,183.0,28.0,3.0,16.0,0.2,150.0,40.0,17.0,170.0,18.0,2.3,,0.6
Surat,Bhatkol,7.6,898.0,602.0,0.0,354.0,85.0,5.0,55.0,1.05,290.0,80.0,14.0,260.0,99.0,1.2,0.0,2.67
Surat,Chapawadi,7.82,490.0,328.0,0.0,220.0,28.0,4.0,54.0,0.22,180.0,60.0,24.0,250.0,14.0,0.4,0.08,0.38
Surat,Digas,7.62,1200.0,804.0,0.0,598.0,43.0,36.0,35.0,0.92,490.0,32.0,53.0,300.0,147.0,0.5,0.0,3.69
Surat,Gangadhara,7.98,2973.0,1992.0,0.0,854.0,525.0,55.0,31.0,0.75,700.0,40.0,108.0,550.0,450.0,0.5,0.0,8.34
Surat,Kalkui,7.5,400.0,268.0,0.0,232.0,7.0,3.0,75.0,0.38,190.0,48.0,26.0,230.0,24.0,0.4,0.02,0.69
Surat,Kherwara,7.98,684.0,458.0,0.0,256.0,71.0,18.0,43.0,0.45,210.0,68.0,31.0,300.0,33.0,0.6,0.02,0.83
Surat,Madvi,7.91,1090.0,730.0,0.0,488.0,85.0,15.0,56.0,0.77,400.0,48.0,67.0,400.0,89.0,1.3,,1.93
Surat,Mota,7.42,2447.0,1639.0,0.0,488.0,546.0,27.0,27.0,0.95,400.0,60.0,72.0,450.0,360.0,1.8,0.02,7.38
Surat,Moti Sarkui,7.68,560.0,375.0,0.0,244.0,43.0,24.0,44.0,0.48,200.0,52.0,29.0,250.0,36.0,0.4,0.0,0.99
Surat,Moticher,7.9,480.0,322.0,0.0,195.0,28.0,38.0,54.0,0.22,160.0,64.0,19.0,240.0,22.0,1.0,,0.62
Surat,Nana Palvi,7.4,2250.0,1508.0,0.0,549.0,468.0,10.0,23.0,0.75,450.0,80.0,70.0,490.0,305.0,12.0,0.02,5.99
Surat,Paneshwar,7.68,1536.0,1029.0,0.0,171.0,354.0,38.0,111.0,0.2,140.0,148.0,65.0,640.0,70.0,0.4,0.04,1.2
Surat,Sayon,7.55,1690.0,1132.0,0.0,403.0,333.0,21.0,89.0,0.5,330.0,84.0,84.0,560.0,164.0,1.5,0.0,3.01
Surat,Vadoli,7.92,1000.0,670.0,0.0,451.0,64.0,2.0,120.0,1.4,370.0,44.0,62.0,370.0,102.0,0.2,,2.31
Surat,Vaheval,7.92,630.0,422.0,0.0,244.0,64.0,20.0,101.0,0.3,200.0,76.0,36.0,340.0,34.0,1.4,0.03,0.8
Surendranagar,Bamanbor,8.0,1028.0,689.0,0.0,256.0,114.0,72.0,63.0,0.55,210.0,100.0,24.0,350.0,68.0,1.4,0.0,1.58
Surendranagar,Vanala,8.0,1310.0,878.0,0.0,293.0,135.0,3.0,187.0,0.6,240.0,48.0,27.0,230.0,185.0,4.2,,5.3
Surendranagar,Bajana,7.9,553.0,371.0,0.0,232.0,64.0,7.0,17.0,0.5,190.0,28.0,20.0,150.0,72.0,7.0,0.06,2.56
Surendranagar,Jhinjhuwada,8.0,549.0,368.0,0.0,207.0,85.0,9.0,10.0,0.8,170.0,32.0,17.0,150.0,74.0,6.2,0.01,2.63
Surendranagar,Dhrangadhra2,8.2,3684.0,2468.0,0.0,207.0,1172.0,20.0,12.0,1.5,170.0,180.0,85.0,800.0,495.0,2.9,,7.61
Surendranagar,Rajsitapur,8.2,552.0,370.0,0.0,270.0,85.0,11.0,14.0,1.25,221.0,28.0,12.0,120.0,115.0,5.1,0.02,4.56
Surendranagar,Ratanpur1,8.2,2624.0,1758.0,0.0,317.0,611.0,35.0,157.0,3.6,260.0,80.0,75.0,510.0,379.0,2.3,0.0,7.3
Surendranagar,Halvad2,8.2,2874.0,1926.0,0.0,378.0,653.0,13.0,35.0,1.6,310.0,128.0,54.0,550.0,342.0,18.0,,6.34
Surendranagar,Miani,8.0,2848.0,1908.0,0.0,366.0,717.0,17.0,42.0,1.5,300.0,140.0,54.0,570.0,375.0,15.0,,6.83
Surendranagar,Sukhpar1,8.1,3424.0,2294.0,0.0,378.0,710.0,250.0,230.0,1.8,310.0,80.0,97.0,600.0,538.0,1.9,0.0,9.55
Surendranagar,Limbdi1,7.9,602.0,403.0,0.0,159.0,149.0,5.0,26.0,0.4,130.0,40.0,27.0,210.0,76.0,3.0,0.0,2.28
Surendranagar,Shiyani,8.2,566.0,379.0,0.0,232.0,114.0,16.0,9.0,1.0,190.0,32.0,17.0,150.0,105.0,5.2,0.0,3.73
Surendranagar,Muli,7.9,2768.0,1855.0,0.0,647.0,504.0,65.0,36.0,4.4,530.0,40.0,24.0,200.0,530.0,2.1,0.0,16.29
Surendranagar,Sara,8.0,12576.0,8426.0,0.0,232.0,3621.0,8.0,1165.0,0.55,190.0,220.0,863.0,4100.0,1143.0,70.6,0.0,7.76
Surendranagar,Dheduki,8.1,678.0,454.0,0.0,329.0,78.0,7.0,6.0,0.4,270.0,84.0,14.0,270.0,57.0,18.0,,1.51
Surendranagar,Surendranagar2,7.9,2937.0,1968.0,0.0,659.0,483.0,70.0,19.0,5.0,540.0,40.0,29.0,220.0,506.0,2.0,0.0,14.83
Surendranagar,Warod,8.2,2257.0,1512.0,0.0,598.0,348.0,26.0,100.0,1.0,490.0,112.0,78.0,600.0,237.0,24.8,,4.21
Surendranagar,Dhandalpur,8.0,6062.0,4062.0,0.0,329.0,1207.0,900.0,166.0,1.05,270.0,200.0,340.0,1900.0,458.0,74.7,,4.57
Surendranagar,Juna Develiya,8.2,1645.0,1102.0,0.0,342.0,249.0,30.0,136.0,0.9,280.0,60.0,61.0,400.0,186.0,8.5,,4.04
Surendranagar,Latuda,8.2,1695.0,1136.0,0.0,378.0,298.0,56.0,25.0,1.05,310.0,40.0,54.0,320.0,225.0,0.4,,5.47
Surendranagar,Moti Moladi,8.2,3938.0,2638.0,0.0,268.0,1065.0,110.0,153.0,0.75,220.0,260.0,255.0,1700.0,134.0,0.6,,1.41
Surendranagar,Pipli,8.0,594.0,398.0,0.0,207.0,71.0,10.0,43.0,0.85,170.0,32.0,22.0,170.0,72.0,5.8,0.0,2.4
Surendranagar,Sudamda,8.2,4570.0,3062.0,0.0,256.0,1065.0,400.0,310.0,0.6,210.0,360.0,231.0,1850.0,243.0,2.3,,2.46
The dangs,Aherdi,7.62,360.0,241.0,0.0,159.0,28.0,2.0,51.0,0.05,130.0,60.0,14.0,210.0,7.0,0.3,0.01,0.21
The dangs,Ahwa1,7.71,820.0,549.0,0.0,220.0,156.0,32.0,20.0,0.08,180.0,60.0,26.0,260.0,68.0,13.0,,1.83
The dangs,Bari pada,7.78,410.0,275.0,0.0,220.0,14.0,4.0,8.0,0.3,180.0,44.0,17.0,180.0,15.0,0.2,0.09,0.49
The dangs,Bori gaotha,8.01,442.0,296.0,0.0,220.0,35.0,7.0,10.0,0.34,180.0,44.0,24.0,210.0,17.0,0.2,0.0,0.51
The dangs,Chikhli,7.81,402.0,269.0,0.0,244.0,14.0,0.0,11.0,0.1,200.0,44.0,24.0,210.0,10.0,0.3,,0.3
The dangs,Chinchnogaotha,7.91,620.0,415.0,0.0,207.0,57.0,46.0,83.0,0.15,170.0,76.0,36.0,340.0,16.0,0.3,,0.38
The dangs,Chinchpada,7.3,452.0,303.0,0.0,171.0,35.0,40.0,36.0,0.08,140.0,56.0,22.0,230.0,14.0,0.2,0.0,0.4
The dangs,Dhumkal,7.51,430.0,288.0,0.0,207.0,21.0,1.0,32.0,0.2,170.0,52.0,19.0,210.0,11.0,0.2,0.6,0.33
The dangs,Ghubita,7.62,450.0,302.0,0.0,232.0,21.0,2.0,18.0,0.1,190.0,48.0,22.0,210.0,14.0,0.2,0.11,0.42
The dangs,Jakana,7.82,350.0,235.0,0.0,98.0,35.0,40.0,23.0,0.4,80.0,56.0,0.0,140.0,22.0,5.6,0.27,0.81
The dangs,Malegaon,7.81,470.0,315.0,0.0,146.0,50.0,5.0,48.0,0.26,120.0,56.0,19.0,220.0,12.0,0.3,0.01,0.35
The dangs,Nadak khadi,7.52,400.0,268.0,0.0,195.0,28.0,5.0,27.0,0.1,160.0,40.0,14.0,160.0,33.0,0.2,0.0,1.13
The dangs,Nana pada,7.52,400.0,268.0,0.0,232.0,14.0,1.0,3.0,0.2,190.0,48.0,14.0,180.0,16.0,0.1,,0.52
The dangs,Sodmal,7.51,402.0,269.0,0.0,220.0,28.0,4.0,8.0,0.28,180.0,44.0,22.0,200.0,15.0,0.4,0.04,0.46
The dangs,Subir,7.61,406.0,272.0,0.0,220.0,35.0,3.0,3.0,0.1,180.0,56.0,5.0,160.0,35.0,0.7,0.01,1.2
The dangs,Umberpada,7.56,440.0,295.0,0.0,195.0,28.0,12.0,21.0,0.1,160.0,48.0,22.0,210.0,10.0,0.3,,0.3
The Dangs,Amba Pada,7.92,390.0,261.0,0.0,195.0,21.0,2.0,38.0,0.23,160.0,36.0,29.0,210.0,10.0,0.2,,0.3
The Dangs,Jamal Pada,7.55,700.0,469.0,0.0,317.0,78.0,19.0,11.0,0.08,260.0,56.0,36.0,290.0,50.0,1.0,0.0,1.28
The Dangs,Sakar patar,7.5,395.0,265.0,0.0,195.0,21.0,2.0,44.0,0.2,160.0,44.0,26.0,220.0,8.0,0.2,0.0,0.23
The Dangs,Vazat Amba,7.98,415.0,278.0,0.0,232.0,28.0,5.0,11.0,0.28,190.0,44.0,20.0,190.0,26.0,1.5,0.0,0.82
The Dangs,Waghai,7.82,505.0,338.0,0.0,281.0,21.0,1.0,4.0,0.15,230.0,40.0,24.0,200.0,30.0,0.4,0.0,0.92
Vadodara,Chhota udepur,8.0,1309.0,877.0,0.0,512.0,142.0,5.0,61.0,1.8,420.0,80.0,43.0,380.0,145.0,5.9,,3.23
Vadodara,Ferkuva,7.65,1227.0,822.0,0.0,427.0,121.0,30.0,51.0,0.27,350.0,144.0,36.0,510.0,42.0,10.1,,0.81
Vadodara,Ghamodi,7.9,585.0,392.0,0.0,256.0,50.0,5.0,31.0,0.97,210.0,56.0,19.0,220.0,46.0,1.6,,1.35
Vadodara,Kevadi,8.16,514.0,344.0,0.0,220.0,43.0,3.0,39.0,0.85,180.0,60.0,12.0,200.0,40.0,0.0,,1.23
Vadodara,Amreshwar,8.0,1214.0,813.0,0.0,464.0,156.0,7.0,16.0,0.5,380.0,52.0,26.0,240.0,178.0,7.2,,5.0
Vadodara,Bhindol,8.1,1436.0,962.0,0.0,683.0,71.0,25.0,54.0,0.88,560.0,60.0,74.0,460.0,129.0,0.0,,2.62
Vadodara,Pavi,8.1,2490.0,1668.0,0.0,525.0,496.0,9.0,97.0,0.98,430.0,160.0,60.0,650.0,276.0,5.7,,4.71
Vadodara,Suskal,8.28,703.0,471.0,0.0,122.0,92.0,44.0,64.0,0.15,100.0,68.0,14.0,230.0,48.0,0.7,,1.38
Vadodara,Devat (thadgam),7.1,1030.0,690.0,0.0,342.0,92.0,115.0,31.0,0.88,280.0,92.0,48.0,430.0,50.0,0.2,,1.05
Vadodara,Moti chikhali,8.0,743.0,498.0,0.0,378.0,28.0,15.0,13.0,1.78,310.0,84.0,17.0,280.0,46.0,0.2,,1.2
Vadodara,Panwad,7.96,1301.0,872.0,0.0,354.0,227.0,28.0,32.0,0.65,290.0,124.0,38.0,470.0,93.0,13.5,,1.87
Vadodara,Saidivasana,8.1,2633.0,1764.0,0.0,317.0,603.0,48.0,269.0,0.35,260.0,220.0,120.0,1050.0,180.0,16.0,,2.42
Vadodara,Vagudan,8.26,1044.0,699.0,0.0,500.0,64.0,9.0,27.0,2.4,410.0,88.0,43.0,400.0,66.0,8.6,,1.43
Vadodara,Kaprali,8.2,686.0,460.0,0.0,342.0,21.0,40.0,4.0,0.59,280.0,88.0,19.0,300.0,22.0,0.0,,0.55
Vadodara,Sengpur,8.2,740.0,496.0,0.0,390.0,21.0,15.0,12.0,0.4,320.0,96.0,10.0,280.0,44.0,0.0,,1.14
Vadodara,Waghach,7.16,970.0,650.0,0.0,476.0,64.0,60.0,6.0,1.4,390.0,72.0,22.0,270.0,124.0,4.1,,3.28
Vadodara,Masor,8.6,2340.0,1568.0,120.0,656.0,248.0,5.0,179.0,3.2,738.0,60.0,84.0,500.0,364.0,0.3,,7.08
Vadodara,Alladpur,7.86,1631.0,1093.0,0.0,720.0,149.0,8.0,56.0,0.85,590.0,88.0,67.0,500.0,170.0,3.6,,3.31
Vadodara,Bodeli,7.76,1462.0,980.0,0.0,464.0,213.0,30.0,121.0,0.45,380.0,84.0,31.0,340.0,228.0,0.7,,5.38
Vadodara,Govindpura,7.5,7163.0,4799.0,0.0,586.0,2127.0,60.0,25.0,1.03,480.0,260.0,300.0,1900.0,780.0,4.4,,7.78
Vadodara,Makni,8.1,1923.0,1288.0,0.0,891.0,149.0,8.0,50.0,0.6,730.0,120.0,86.0,660.0,73.0,117.0,,1.24
Vadodara,Chhaliyar,8.16,880.0,590.0,0.0,439.0,43.0,19.0,65.0,0.77,360.0,60.0,48.0,350.0,72.0,0.6,,1.67
Vadodara,Juna samalya,8.27,986.0,661.0,0.0,354.0,135.0,7.0,30.0,0.65,290.0,32.0,29.0,200.0,148.0,0.1,,4.55
Vadodara,Rasulpur,7.8,1837.0,1231.0,0.0,476.0,305.0,25.0,63.0,0.45,390.0,100.0,43.0,430.0,222.0,22.0,0.0,4.65
Vadodara,Tundav,8.1,1342.0,899.0,0.0,451.0,142.0,60.0,15.0,0.5,370.0,72.0,58.0,420.0,62.0,68.0,,1.32
Vadodara,Vejpur2,8.28,3412.0,2286.0,0.0,1061.0,638.0,5.0,14.0,1.68,870.0,100.0,60.0,500.0,600.0,6.2,,11.67
Vadodara,Patiyapura,7.9,2610.0,1749.0,0.0,537.0,425.0,100.0,256.0,0.5,440.0,200.0,168.0,1200.0,90.0,5.9,,1.13
Vadodara,Saidal,8.2,539.0,361.0,0.0,268.0,28.0,4.0,18.0,0.48,220.0,32.0,17.0,150.0,61.0,3.5,,2.17
Vadodara,Ghodisimel,8.0,2040.0,1367.0,0.0,464.0,411.0,3.0,91.0,0.53,380.0,76.0,55.0,420.0,297.0,9.2,0.1,6.3
Vadodara,Kevdabagh,8.2,1488.0,997.0,0.0,647.0,128.0,30.0,32.0,1.4,530.0,32.0,17.0,150.0,287.0,6.3,0.2,10.19
Vadodara,ONGC Campus,8.1,2925.0,1960.0,0.0,573.0,638.0,12.0,251.0,0.9,470.0,140.0,72.0,650.0,462.0,8.9,0.45,7.88
Valsad,Awadha,8.01,510.0,342.0,0.0,183.0,64.0,12.0,49.0,0.25,150.0,72.0,22.0,270.0,15.0,0.1,0.0,0.4
Valsad,Dharampur2,7.98,600.0,402.0,0.0,207.0,85.0,2.0,13.0,0.38,170.0,60.0,17.0,220.0,40.0,0.1,,1.17
Valsad,Lakadmal,8.21,350.0,235.0,0.0,159.0,42.0,4.0,1.0,0.23,130.0,52.0,12.0,180.0,7.0,0.7,0.0,0.23
Valsad,Kaparda,7.61,200.0,134.0,0.0,85.0,28.0,3.0,25.0,0.05,70.0,28.0,10.0,110.0,13.0,5.4,,0.54
Valsad,Nanaponda,7.77,1100.0,737.0,0.0,256.0,170.0,5.0,47.0,0.48,210.0,116.0,26.0,400.0,49.0,1.1,,1.07
Valsad,Karwad,8.02,770.0,516.0,0.0,366.0,71.0,3.0,15.0,0.3,300.0,96.0,19.0,320.0,46.0,14.0,,1.12
Valsad,Udwada,7.81,869.0,582.0,0.0,323.0,85.0,5.0,54.0,0.33,265.0,96.0,38.0,400.0,22.0,0.6,,0.48
Valsad,Dahli (bhilad),7.63,810.0,543.0,0.0,317.0,28.0,13.0,101.0,0.05,260.0,72.0,34.0,320.0,44.0,0.4,,1.07
Valsad,Kanadu,7.77,386.0,259.0,0.0,183.0,21.0,2.0,26.0,0.5,150.0,44.0,17.0,180.0,14.0,0.4,,0.45
Valsad,Tumb,7.92,660.0,442.0,0.0,293.0,78.0,2.0,8.0,1.05,240.0,40.0,34.0,240.0,57.0,0.5,,1.6
Valsad,Muli1,7.92,1607.0,1077.0,0.0,403.0,333.0,1.0,21.0,0.38,330.0,60.0,43.0,330.0,230.0,13.0,,5.5
Valsad,Tithal,7.66,1850.0,1240.0,0.0,671.0,232.0,10.0,41.0,0.15,550.0,116.0,62.0,550.0,176.0,5.6,,3.26
Valsad,Chavshala,7.52,400.0,268.0,0.0,159.0,35.0,8.0,14.0,0.1,130.0,60.0,7.0,180.0,10.0,8.2,0.0,0.32
Valsad,Fali,7.75,490.0,328.0,0.0,195.0,35.0,10.0,30.0,0.23,160.0,68.0,2.0,180.0,32.0,3.6,0.25,1.04
Valsad,umargaon,7.82,700.0,469.0,0.0,293.0,78.0,15.0,34.0,0.23,240.0,52.0,36.0,280.0,55.0,6.1,,1.43
Valsad,Vapi,7.62,984.0,659.0,0.0,317.0,128.0,17.0,3.0,0.15,260.0,76.0,46.0,380.0,37.0,0.8,,0.83
