S.N.,DISTRICT,LOCATION,LATITUDE,LONGITUDE,PH,EC,TDS,TH,CO3,HCO3,CL,S04,NO3,F,ALK,CA,MG,NA,K,SIO2,SAR
513.0,Surendranagar,Kankavati,23.06389,71.36444,7.83,1932,1294,390.0,0.0,268.0,411.0,90.0,65.0,0.69,220.0,88.0,41.0,262.0,2.6,32.0,5.77
514.0,Surendranagar,Khambhada,22.89278,71.52361,8.2,2321,1555,410.0,0.0,561.0,369.0,135.0,23.0,0.52,460.0,124.0,24.0,294.0,107.0,27.0,6.31
515.0,Surendranagar,Rajsitapur,22.83778,71.59667,7.64,2678,1794,801.0,0.0,171.0,837.0,39.0,1.5,0.48,140.0,208.0,68.0,272.0,5.1,31.0,4.18
516.0,Surendranagar,Latuda,22.79841,71.61542,7.96,1540,1032,370.0,0.0,293.0,326.0,66.0,0.95,3.0,240.0,76.0,44.0,174.0,6.7,30.0,3.93
517.0,Surendranagar,Surendranagar 2,22.71722,71.61667,8.19,3166,2121,350.0,0.0,659.0,610.0,190.0,33.0,2.7,540.0,48.0,56.0,618.0,2.6,56.0,14.36
518.0,Surendranagar,Muli,22.63889,71.46417,7.86,6755,4526,1211.0,0.0,415.0,1843.0,250.0,88.0,3.3,340.0,192.0,178.0,1012.0,2.9,72.0,12.65
519.0,Surendranagar,Sadla/Sarla,22.73389,71.36889,8.39,2175,1457,620.0,60.0,378.0,425.0,150.0,14.0,0.92,410.0,172.0,46.0,237.0,57.0,31.0,4.14
520.0,Surendranagar,Nava Raisngpur,22.73694,71.27028,7.87,4700,3149,1191.0,0.0,232.0,1347.0,210.0,96.0,0.2,190.0,381.0,58.0,582.0,1.2,21.0,7.34
521.0,Surendranagar,Tarnetar,22.64222,71.21139,8.18,4285,2871,751.0,0.0,293.0,1219.0,208.0,13.0,0.47,240.0,200.0,61.0,696.0,5.1,21.0,11.05
522.0,Surendranagar,Ratanpur 1,22.85528,71.27444,7.82,3995,2677,851.0,0.0,390.0,964.0,212.0,48.0,2.5,320.0,140.0,122.0,540.0,3.1,24.0,8.05
523.0,Surendranagar,Anindra,22.82944,71.69222,8.19,522,350,190.0,0.0,195.0,57.0,23.0,1.5,0.57,160.0,60.0,10.0,32.0,6.3,17.0,1.01
524.0,Surendranagar,Modhwana,22.93528,71.74139,7.84,385,258,150.0,0.0,195.0,21.0,10.0,2.0,0.36,160.0,52.0,5.0,26.0,2.9,20.0,0.92
525.0,Surendranagar,Kherwa,23.00056,71.74333,8.06,1447,969,310.0,0.0,232.0,262.0,135.0,0.83,0.74,190.0,76.0,29.0,182.0,7.4,16.0,4.49
526.0,Surendranagar,Piplidham,23.06861,71.71389,8.14,458,307,150.0,0.0,207.0,28.0,19.0,2.0,0.44,170.0,36.0,15.0,40.0,3.6,18.0,1.42
527.0,Surendranagar,Bajana,23.11361,71.78306,7.99,710,476,170.0,0.0,171.0,113.0,53.0,2.9,0.4,140.0,52.0,10.0,90.0,6.03,17.0,3.0
528.0,Surendranagar,Kharaghoda,23.1875,71.75083,7.67,19220,12877,5454.0,0.0,256.0,6665.0,593.0,9.3,0.87,210.0,313.0,1136.0,2390.0,22.0,1.0,14.08
529.0,Surendranagar,Visavadi,23.3425,71.73444,8.32,3066,2054,570.0,48.0,427.0,752.0,57.0,7.8,1.2,430.0,120.0,66.0,428.0,26.0,39.0,7.79
530.0,Surendranagar,Jhinjhuwada,23.34889,71.65722,8.43,760,509,310.0,36.0,366.0,35.0,1.0,1.9,0.55,360.0,68.0,34.0,44.0,11.0,35.0,1.09
531.0,Surendranagar,Dhama,23.39583,71.67139,7.99,3426,2295,510.0,0.0,451.0,666.0,325.0,91.0,1.5,370.0,72.0,80.0,442.0,245.0,22.0,8.51
532.0,Tapi,Vyara1,21.10833,73.39583,7.82,590,395,250.0,0.0,244.0,50.0,27.0,7.7,0.13,200.0,68.0,19.0,26.0,5.75,52.0,0.71
533.0,Tapi,Songarh,21.16465,73.55346,7.85,648,434,300.0,0.0,366.0,21.0,10.0,0.94,0.15,300.0,60.0,36.0,24.0,0.59,77.0,0.6
534.0,Tapi,Kherwada,21.28111,73.46528,7.81,685,459,300.0,0.0,244.0,92.0,33.0,20.0,0.4,200.0,76.0,27.0,33.0,0.26,56.0,0.83
535.0,Tapi,Moti Chher,21.2125,73.36222,8.04,490,328,210.0,0.0,207.0,35.0,27.0,12.0,0.2,170.0,52.0,19.0,27.0,0.28,55.0,0.81
536.0,Tapi,Pinpur,21.44784,73.4814,8.03,322,216,130.0,0.0,134.0,21.0,22.0,13.0,0.34,110.0,28.0,15.0,22.0,0.55,46.0,0.84
537.0,Tapi,Valod,21.05,73.26667,8.05,465,312,180.0,0.0,171.0,35.0,21.0,1.75,0.4,140.0,52.0,12.0,18.0,0.17,34.0,0.58
538.0,Tapi,Kelkui,21.04194,73.32333,7.9,489,328,220.0,0.0,232.0,35.0,23.0,5.81,0.36,190.0,60.0,17.0,23.0,0.51,38.0,0.67
539.0,Tapi,Bedchit,20.95,73.35139,7.84,1487,996,600.0,0.0,415.0,269.0,76.0,24.0,0.8,340.0,68.0,105.0,103.0,0.91,73.0,1.83
540.0,Vadodara,Juna samalya,22.50406,73.27419,8.36,1760,1179,310.0,96.0,275.0,291.0,59.0,39.4,0.29,385.0,52.0,44.0,232.0,49.0,38.0,5.74
541.0,Vadodara,Kevada Bag,22.29231,73.20243,8.06,1260,844,400.0,0.0,445.0,142.0,32.0,39.4,0.71,365.0,36.0,75.0,96.0,8.26,34.0,2.09
542.0,Vadodara,ONGC,22.27625,73.207,8.27,3236,2168,350.0,72.0,305.0,780.0,117.0,11.7,1.24,370.0,80.0,36.0,589.0,2.21,32.0,13.69
543.0,Vadodara,Patiyapura,22.27704,73.42524,8.33,4340,2908,1850.0,288.0,952.0,489.0,184.0,3.4,0.57,1260.0,280.0,280.0,129.0,13.0,56.0,1.3
544.0,Vadodara,Saidal,22.17457,73.58393,8.15,670,449,290.0,0.0,256.0,57.0,16.0,38.1,0.96,210.0,44.0,44.0,21.0,1.78,39.0,0.54
545.0,Vadodara,Sama,22.34212,73.20322,8.44,1980,1327,430.0,96.0,580.0,248.0,0.0,1.8,0.73,635.0,40.0,80.0,233.0,40.0,42.0,4.89
546.0,Vadodara,Tundav,22.48168,73.1974,8.04,1350,905,380.0,0.0,390.0,191.0,71.0,4.0,0.52,320.0,64.0,54.0,93.0,71.0,38.0,2.08
547.0,Vadodara,Vega,22.14398,73.40289,8.32,1910,1280,430.0,66.0,336.0,333.0,99.0,19.0,0.39,385.0,140.0,19.0,226.0,29.0,35.0,4.73
548.0,Valsad,Dharampur 3,20.5364,73.1706,8.22,520,348,210.0,0.0,183.0,64.0,24.0,3.57,0.45,150.0,48.0,22.0,32.0,0.2,49.0,0.96
549.0,Valsad,Awadha,20.51667,73.2875,8.28,397,266,170.0,0.0,159.0,43.0,12.0,5.43,0.18,130.0,32.0,22.0,20.0,0.18,53.0,0.67
550.0,Valsad,Nanaponda,20.41389,73.12083,8.07,984,659,400.0,0.0,244.0,135.0,115.0,30.35,0.49,200.0,64.0,58.0,52.0,0.86,68.0,1.13
551.0,Valsad,Fali,20.31306,73.37611,8.2,302,202,140.0,0.0,159.0,14.0,8.0,4.52,0.26,130.0,40.0,10.0,11.0,1.03,47.0,0.4
353.0,Navsari,Kantasvel,20.59761,73.69487,7.73,2073,1389,661.0,0.0,73.0,631.0,125.0,0.63,0.84,60.0,232.0,19.0,223.0,1.11,38.0,3.77
354.0,Navsari,Rankuva,20.8125,73.15833,8.1,1201,805,350.0,0.0,305.0,241.0,51.0,18.27,0.64,250.0,64.0,46.0,142.0,2.2,34.0,3.3
355.0,Navsari,Kaliyari,20.725,73.15,8.15,701,470,330.0,0.0,256.0,78.0,35.0,20.03,0.24,210.0,64.0,41.0,26.0,0.4,39.0,0.62
356.0,Navsari,Rumla,20.68028,73.1717,8.13,852,571,400.0,0.0,354.0,85.0,35.0,15.33,0.27,290.0,96.0,39.0,27.0,0.51,71.0,0.59
357.0,Navsari,Panikhadak,20.64917,73.16694,8.27,711,476,300.0,0.0,232.0,99.0,35.0,5.28,0.32,190.0,92.0,17.0,26.0,1.36,87.0,0.65
358.0,Navsari,Manav Khadak,20.67417,73.23333,8.27,578,387,240.0,0.0,195.0,64.0,37.0,1.07,0.34,160.0,48.0,29.0,26.0,0.88,42.0,0.73
359.0,Navsari,Hond,20.73889,73.04583,7.22,1084,726,420.0,0.0,244.0,199.0,85.0,1.67,0.13,200.0,96.0,44.0,73.0,1.52,41.0,1.55
360.0,Navsari,Duvada,20.82861,73.0575,8.1,865,580,300.0,0.0,390.0,64.0,54.0,2.83,0.85,320.0,36.0,51.0,77.0,1.1,41.0,1.93
361.0,Navsari,Sari_khurd,20.7875,72.95417,8.25,612,410,210.0,0.0,268.0,71.0,14.0,1.45,0.38,220.0,20.0,39.0,48.0,12.0,26.0,1.43
362.0,Navsari,Abrama,20.8625,72.9,8.17,3491,2339,901.0,0.0,268.0,1035.0,84.0,2.18,0.33,220.0,120.0,146.0,409.0,15.0,24.0,5.93
363.0,Navsari,Onjal,20.83333,72.84167,8.19,896,600,310.0,0.0,415.0,85.0,20.0,1.63,0.46,340.0,84.0,24.0,69.0,4.39,27.0,1.7
364.0,Navsari,Dandi,20.89167,72.80833,8.2,919,616,230.0,0.0,415.0,57.0,36.0,5.99,0.25,340.0,32.0,36.0,81.0,59.0,29.0,2.32
365.0,Navsari,Navsari 1,20.805,73.26667,8.12,3651,2446,991.0,0.0,427.0,1007.0,140.0,5.24,0.41,350.0,184.0,129.0,444.0,10.0,33.0,6.14
366.0,Navsari,Chinam,20.99167,72.88611,8.55,2738,1834,360.0,30.0,635.0,461.0,90.0,29.18,0.25,570.0,60.0,51.0,343.0,209.0,39.0,7.86
367.0,Navsari,Parujan,21.02297,72.836,8.51,1577,1057,290.0,36.0,659.0,128.0,75.0,13.46,1.02,600.0,60.0,34.0,266.0,2.59,36.0,6.79
368.0,Navsari,Chadav,20.83111,73.33444,7.25,782,524,340.0,0.0,268.0,99.0,41.0,11.0,0.59,220.0,64.0,44.0,39.0,1.26,49.0,0.92
369.0,Navsari,Unai,20.84876,73.33769,7.87,766,513,330.0,0.0,305.0,85.0,28.0,8.13,0.43,250.0,56.0,46.0,41.0,1.53,53.0,0.98
370.0,Navsari,Khergam,20.63333,73.09583,7.73,1101,738,390.0,0.0,183.0,191.0,107.0,5.67,0.25,150.0,88.0,41.0,59.0,0.5,40.0,1.3
371.0,Panchmahal,Shehra,22.9515,73.62741,8.19,1085,727,210.0,0.0,488.0,85.0,30.0,6.3,0.49,400.0,32.0,32.0,103.0,93.0,73.0,3.09
372.0,Panchmahal,Santroad_1,22.79666,73.80389,7.58,650,436,220.0,0.0,256.0,57.0,34.0,17.0,0.74,210.0,52.0,22.0,60.0,2.7,35.0,1.76
373.0,Panchmahal,Suliyat,23.05244,73.85951,8.08,1068,716,400.0,0.0,366.0,121.0,30.0,64.0,1.2,300.0,116.0,27.0,70.0,19.0,48.0,1.52
374.0,Panchmahal,Natapur,22.81607,73.80137,7.89,711,476,220.0,0.0,244.0,71.0,44.0,32.0,1.48,200.0,44.0,27.0,73.0,1.8,27.0,2.14
375.0,Panchmahal,Ranipura,22.71714,73.7442,7.98,1934,1296,721.0,0.0,354.0,340.0,109.0,140.0,1.9,290.0,68.0,134.0,145.0,2.7,74.0,2.35
376.0,Panchmahal,Godhra UR_1,22.7749,73.63831,8.18,1105,740,220.0,0.0,317.0,177.0,61.0,10.0,0.76,260.0,28.0,36.0,160.0,0.77,44.0,4.69
377.0,Panchmahal,Godhra2,22.7815,73.657,7.98,713,478,240.0,0.0,171.0,71.0,58.0,72.0,1.3,140.0,60.0,22.0,60.0,0.85,65.0,1.68
378.0,Panchmahal,Chhabanpur,22.83649,73.62493,7.96,710,476,210.0,0.0,195.0,99.0,38.0,38.0,0.67,160.0,44.0,24.0,77.0,1.0,49.0,2.31
379.0,Panchmahal,Tuwa,22.80067,73.46539,8.06,724,485,250.0,0.0,378.0,50.0,14.0,5.6,0.59,310.0,44.0,34.0,61.0,14.0,41.0,1.68
380.0,Panchmahal,Dhanol,22.74789,73.48364,7.68,698,468,180.0,0.0,281.0,78.0,31.0,3.1,0.89,230.0,32.0,24.0,90.0,9.1,19.0,2.92
381.0,Panchmahal,Vejalpur,22.69473,73.55976,7.98,1587,1063,520.0,0.0,378.0,284.0,102.0,47.0,0.97,310.0,44.0,100.0,162.0,7.1,42.0,3.09
382.0,Panchmahal,Khadki Vadiya,22.65079,73.52208,8.39,1199,777,300.0,54.0,476.0,78.0,64.0,2.5,1.66,390.0,20.0,56.0,155.0,1.3,37.0,3.64
383.0,Panchmahal,Kalol UR_2,22.62826,73.45678,8.08,1883,1262,631.0,0.0,488.0,326.0,97.0,99.0,0.73,400.0,40.0,129.0,182.0,0.55,43.0,3.15
384.0,Panchmahal,Kalol UR_1,22.61252,73.46307,8.16,1255,841,500.0,0.0,525.0,142.0,27.0,15.0,0.21,430.0,64.0,83.0,83.0,12.0,34.0,1.61
385.0,Panchmahal,Tarkanda,22.5561,73.54096,8.11,464,311,160.0,0.0,159.0,50.0,34.0,2.5,0.46,130.0,32.0,19.0,39.0,1.0,21.0,1.34
386.0,Panchmahal,Pavagadh,22.48311,73.53762,7.75,676,453,290.0,0.0,232.0,78.0,34.0,35.0,0.21,190.0,48.0,41.0,39.0,0.27,276.0,1.0
387.0,Panchmahal,Javan,22.40203,73.65244,7.02,518,347,170.0,0.0,183.0,71.0,23.0,1.4,0.42,150.0,40.0,17.0,43.0,10.0,34.0,1.43
388.0,Panchmahal,Jambughoda,22.3719,73.72468,7.98,840,563,230.0,0.0,207.0,128.0,51.0,28.0,0.86,170.0,37.0,33.0,87.0,0.95,44.0,2.49
389.0,Patan,Dhinoj,23.65926,72.27918,7.34,2369,1587,520.0,0.0,525.0,404.0,166.0,1.6,0.08,430.0,132.0,46.0,308.0,29.0,29.0,5.87
390.0,Patan,Sander,23.76939,72.25458,7.43,370,248,150.0,0.0,207.0,14.0,0.0,1.4,0.1,170.0,40.0,12.0,19.0,3.2,18.0,0.7
391.0,Patan,Patan,23.83876,72.12509,7.77,2378,1593,350.0,0.0,1293.0,85.0,30.0,39.0,2.5,1061.0,72.0,41.0,413.0,27.0,48.0,9.6
393.0,Patan,Dharmoda,23.69631,72.07352,8.19,979,656,180.0,0.0,525.0,57.0,9.0,0.42,0.18,430.0,40.0,19.0,136.0,24.0,26.0,4.41
394.0,Patan,Moti Chander,23.59921,71.77013,7.21,23660,15852,5104.0,0.0,390.0,8012.0,1300.0,22.0,0.59,320.0,581.0,888.0,3425.0,31.0,25.0,20.9
395.0,Patan,Piprala,23.64604,71.09687,7.96,7455,4995,891.0,0.0,830.0,1595.0,533.0,64.0,7.2,681.0,48.0,187.0,1250.0,1.6,69.0,18.2
396.0,Porbandar,Adityana,21.72008,69.68884,7.88,582,390,180.0,0.0,171.0,78.0,37.0,26.42,0.57,140.0,40.0,19.0,62.0,3.74,30.0,2.01
397.0,Porbandar,Adwana2,21.91667,69.6,7.93,993,665,330.0,0.0,268.0,177.0,45.0,21.01,0.23,220.0,48.0,51.0,101.0,0.53,47.0,2.42
398.0,Porbandar,Bakharla,21.76472,69.66111,7.83,733,491,270.0,0.0,207.0,113.0,23.0,44.7,0.53,170.0,60.0,29.0,60.0,3.67,45.0,1.59
399.0,Porbandar,Bhavpura,21.80972,69.40833,7.58,5388,3610,1661.0,0.0,159.0,1829.0,206.0,56.0,0.28,130.0,180.0,294.0,607.0,8.53,54.0,6.48
400.0,Porbandar,Bhod,21.65889,69.82111,7.79,2859,1916,721.0,0.0,195.0,822.0,124.0,81.9,2.22,160.0,144.0,88.0,362.0,2.45,43.0,5.87
401.0,Porbandar,Degam,21.71028,69.60556,8.29,2544,1704,751.0,0.0,488.0,539.0,96.0,23.57,1.0,400.0,176.0,75.0,245.0,40.0,29.0,3.89
402.0,Porbandar,Kadegi,21.45056,69.98333,7.61,26200,17554,801.0,0.0,366.0,9075.0,927.0,25.64,1.4,300.0,172.0,90.0,5489.0,32.0,37.0,83.87
403.0,Porbandar,Khambodar,21.80833,69.60139,8.29,1890,1266,320.0,0.0,500.0,298.0,146.0,31.93,1.5,410.0,40.0,54.0,324.0,12.0,60.0,7.87
404.0,Porbandar,Kolikhada village-2,21.69972,69.61417,8.43,2105,1410,190.0,36.0,598.0,319.0,112.0,54.55,1.9,550.0,24.0,32.0,447.0,1.0,47.0,14.1
405.0,Porbandar,Kuchhadi,21.68333,69.55,8.12,4842,3244,600.0,0.0,390.0,1347.0,313.0,19.96,0.51,320.0,40.0,122.0,896.0,90.0,18.0,15.9
406.0,Porbandar,Kutiyana1,21.63056,70.01667,8.15,3363,2253,510.0,0.0,293.0,872.0,47.0,37.13,0.37,240.0,64.0,85.0,505.0,1.65,52.0,9.72
407.0,Porbandar,Mojiwana,21.88583,69.60028,7.92,1780,1193,550.0,0.0,293.0,432.0,80.0,27.0,0.27,240.0,88.0,80.0,201.0,0.91,62.0,3.73
408.0,Porbandar,Navibandar,21.44583,69.79167,8.24,4849,3249,560.0,0.0,403.0,1219.0,299.0,26.7,0.95,330.0,32.0,117.0,845.0,31.0,7.0,15.53
409.0,Porbandar,Oddar,21.56667,69.68056,8.22,4152,2782,440.0,0.0,427.0,1021.0,266.0,37.6,1.04,350.0,36.0,85.0,739.0,24.0,22.0,15.32
410.0,Porbandar,Palkhada1,21.75833,69.4875,7.75,3215,2154,701.0,0.0,183.0,808.0,93.0,124.0,0.54,150.0,80.0,122.0,361.0,48.0,26.0,5.93
411.0,Porbandar,Ranavav2,21.68333,69.74583,7.92,1312,879,260.0,0.0,329.0,234.0,78.0,49.0,0.4,270.0,64.0,24.0,186.0,49.0,54.0,5.02
412.0,Porbandar,Ratadi,21.72028,69.51194,7.7,5399,3617,1001.0,0.0,134.0,1560.0,313.0,62.0,0.28,110.0,116.0,173.0,475.0,547.0,26.0,6.53
413.0,Porbandar,Simar,21.94694,69.68583,7.91,1256,842,460.0,0.0,159.0,241.0,108.0,65.0,0.28,130.0,100.0,51.0,92.0,0.0,58.0,1.87
414.0,Porbandar,Tukda,21.51611,69.72861,8.12,2567,1720,360.0,0.0,342.0,567.0,145.0,42.0,0.46,280.0,24.0,73.0,402.0,16.0,12.0,9.21
415.0,Porbandar,Visavada,21.78556,69.44639,7.45,8211,5501,1861.0,0.0,61.0,2552.0,471.0,14.0,0.78,50.0,228.0,314.0,993.0,9.48,11.0,10.01
416.0,Rajkot,Rafala,22.29028,70.98361,7.76,3195,2141,1041.0,0.0,244.0,744.0,210.0,159.0,0.32,200.0,112.0,185.0,245.0,1.7,48.0,3.3
417.0,Rajkot,Golida,22.20426,71.01645,7.88,1079,723,330.0,0.0,268.0,142.0,55.0,86.0,0.48,220.0,60.0,44.0,92.0,0.6,54.0,2.2
418.0,Rajkot,Sardhar2,22.13528,70.98722,7.81,1631,1093,290.0,0.0,573.0,170.0,77.0,57.0,0.29,470.0,36.0,49.0,230.0,65.0,42.0,5.87
419.0,Rajkot,Halenda,22.0875,71.05417,7.67,2621,1756,921.0,0.0,488.0,496.0,153.0,156.0,0.42,400.0,100.0,163.0,238.0,6.4,51.0,3.41
420.0,Rajkot,Bhadla,22.17889,71.08667,7.83,1840,1233,590.0,0.0,305.0,326.0,138.0,131.0,0.51,250.0,64.0,105.0,181.0,0.7,49.0,3.24
421.0,Rajkot,Kamlapur,22.13806,71.2,7.61,2992,2005,921.0,0.0,244.0,674.0,201.0,188.0,0.35,200.0,232.0,83.0,234.0,0.7,46.0,3.35
422.0,Rajkot,Jasdan 2,22.05111,71.21833,7.72,894,599,290.0,0.0,293.0,113.0,41.0,16.0,0.2,240.0,52.0,39.0,68.0,0.5,43.0,1.74
423.0,Rajkot,Lalavadar,22.12861,71.30278,7.93,592,397,210.0,0.0,305.0,21.0,21.0,14.0,0.31,250.0,36.0,29.0,53.0,0.7,40.0,1.59
424.0,Rajkot,Vinchhiya,22.20806,71.37806,7.54,4614,3091,1421.0,0.0,268.0,1205.0,248.0,188.0,0.5,220.0,329.0,146.0,443.0,0.5,66.0,5.11
425.0,Rajkot,Mota Dadwa,21.99806,70.99417,7.69,1600,1072,600.0,0.0,281.0,262.0,136.0,81.0,0.37,230.0,124.0,71.0,100.0,0.6,41.0,1.77
426.0,Rajkot,Gogavadar,21.96472,70.88,7.73,1419,951,470.0,0.0,281.0,177.0,156.0,130.0,0.51,230.0,100.0,54.0,125.0,0.8,45.0,2.51
427.0,Rajkot,Chordi,21.91501,70.74549,7.78,849,569,270.0,0.0,256.0,71.0,62.0,77.0,0.25,210.0,84.0,15.0,69.0,0.3,44.0,1.83
428.0,Rajkot,Virpur1,21.84667,70.69278,7.72,1513,1014,420.0,0.0,354.0,177.0,130.0,138.0,0.25,290.0,88.0,49.0,155.0,3.7,51.0,3.29
429.0,Rajkot,Jetpur Pithad,21.78306,70.64083,7.33,3906,2617,1641.0,0.0,256.0,851.0,524.0,64.0,0.19,210.0,325.0,202.0,125.0,0.7,60.0,1.34
430.0,Rajkot,Mota Gundala,22.73667,70.50833,7.82,1157,775,400.0,0.0,232.0,241.0,44.0,1.2,0.43,190.0,44.0,71.0,92.0,0.2,39.0,2.0
431.0,Rajkot,Bhada Jaliya,21.65889,70.33694,7.92,1333,893,180.0,0.0,537.0,170.0,35.0,22.0,0.55,440.0,36.0,22.0,240.0,0.5,49.0,7.78
473.0,Surat,Uchchhal1,21.2,72.83333,7.9,780,523,340.0,0.0,232.0,85.0,46.0,64.0,0.2,190.0,56.0,49.0,28.0,0.21,84.0,0.66
474.0,Surat,Nizar1,21.43333,73.21667,7.88,1362,913,500.0,0.0,305.0,213.0,67.0,120.0,0.8,250.0,60.0,85.0,102.0,0.75,68.0,1.98
475.0,Surat,Mandvi2,21.25417,73.29583,7.79,907,608,340.0,0.0,244.0,106.0,60.0,97.0,0.48,200.0,64.0,44.0,72.0,0.48,59.0,1.7
476.0,Surat,Malda,21.36667,73.35,7.98,820,549,380.0,0.0,366.0,71.0,20.0,24.0,0.3,300.0,92.0,36.0,32.0,2.85,80.0,0.71
477.0,Surat,Katradevi,21.4299,73.42088,7.85,787,527,220.0,0.0,171.0,156.0,44.0,0.0,0.33,140.0,64.0,15.0,90.0,0.56,63.0,2.64
478.0,Surat,Juna umarpada,21.44578,73.49489,7.9,438,293,200.0,0.0,183.0,43.0,25.0,8.37,0.3,150.0,52.0,17.0,19.0,0.31,51.0,0.58
479.0,Surat,Kherwa(Vadli),21.43333,73.21667,7.93,700,469,250.0,0.0,268.0,85.0,42.0,4.35,0.43,220.0,52.0,29.0,59.0,0.38,50.0,1.62
480.0,Surat,Ten-bardoli,21.11667,73.1,8.1,766,513,200.0,0.0,268.0,71.0,28.0,2.56,0.46,220.0,36.0,27.0,75.0,2.39,55.0,2.31
481.0,Surat,Allu,21.0625,73.19167,8.27,620,415,230.0,0.0,268.0,43.0,29.0,4.6,0.98,220.0,36.0,34.0,44.0,0.13,35.0,1.26
482.0,Surat,Moti Sarkui,21.27917,73.34972,8.29,590,395,250.0,0.0,207.0,64.0,29.0,21.3,0.48,170.0,48.0,32.0,31.0,0.43,60.0,0.86
483.0,Surat,Jiav,21.11472,72.83528,8.06,2404,1611,801.0,0.0,110.0,702.0,75.0,1.75,0.14,90.0,224.0,58.0,178.0,16.0,18.0,2.74
484.0,Surat,Mahuva2,21.02083,73.14583,8.43,1546,1036,270.0,36.0,500.0,199.0,53.0,42.5,0.75,470.0,24.0,51.0,265.0,0.66,44.0,7.01
485.0,Surat,Puna1,20.92917,73.22917,8.16,4056,2718,1651.0,0.0,757.0,1021.0,89.0,12.73,0.75,620.0,204.0,277.0,254.0,20.0,44.0,2.72
486.0,Surat,Vaheval,20.83722,73.28778,8.25,645,432,260.0,0.0,195.0,92.0,33.0,13.74,0.34,160.0,48.0,34.0,41.0,0.34,42.0,1.11
487.0,Surat,Sarbhon,21.05833,73.09167,8.25,901,604,240.0,0.0,366.0,71.0,53.0,2.53,1.17,300.0,28.0,41.0,103.0,2.1,40.0,2.89
488.0,Surat,Mota,21.17028,73.06861,8.29,2475,1658,300.0,0.0,512.0,510.0,140.0,17.2,0.83,420.0,28.0,56.0,478.0,1.63,27.0,12.0
489.0,Surat,Miyawadi,21.22389,73.22722,7.15,1346,902,530.0,0.0,573.0,135.0,28.0,58.25,1.19,470.0,96.0,71.0,94.0,9.01,66.0,1.78
490.0,Surat,Kasal,21.28333,73.23333,7.5,858,575,430.0,0.0,281.0,85.0,61.0,55.0,0.26,230.0,84.0,54.0,21.0,0.38,56.0,0.44
491.0,Surat,Nogama,21.31667,73.13333,7.5,672,450,260.0,0.0,232.0,64.0,43.0,42.0,0.35,190.0,56.0,29.0,51.0,0.36,54.0,1.38
492.0,Surat,Ushker,21.31389,73.15833,7.5,605,405,200.0,0.0,220.0,43.0,33.0,32.45,0.31,180.0,40.0,24.0,51.0,1.74,47.0,1.57
493.0,Surat,Dungri,21.40833,73.13333,7.9,1736,1163,500.0,0.0,635.0,241.0,42.0,40.0,0.75,520.0,112.0,54.0,187.0,7.18,70.0,3.64
494.0,Surat,Surat(Gaviyar),21.175,72.79167,7.4,648,434,210.0,0.0,293.0,35.0,19.0,4.39,0.37,240.0,80.0,2.0,37.0,12.0,29.0,1.11
495.0,Surat,Sultanabad,21.09167,72.725,8.0,1028,689,320.0,0.0,403.0,113.0,53.0,19.23,0.14,330.0,20.0,66.0,100.0,19.0,32.0,2.43
496.0,Surat,Olpad2,21.34167,72.75833,7.7,1406,942,200.0,0.0,598.0,142.0,48.0,28.07,0.62,490.0,20.0,36.0,196.0,115.0,33.0,6.03
497.0,Surat,Sayan,21.30556,72.91083,7.72,1999,1339,651.0,0.0,244.0,475.0,216.0,17.37,0.29,200.0,44.0,131.0,206.0,1.25,84.0,3.51
498.0,Surat,Kathor,21.29167,72.92917,7.9,1766,1183,530.0,0.0,342.0,184.0,377.0,35.01,0.4,280.0,36.0,107.0,198.0,1.1,42.0,3.74
499.0,Surendranagar,Olak,22.92778,71.88611,7.65,495,332,100.0,0.0,171.0,57.0,29.0,1.2,0.76,140.0,36.0,2.0,61.0,8.8,44.0,2.65
500.0,Surendranagar,Lakhtar,22.85472,71.78667,7.73,595,399,130.0,0.0,268.0,50.0,27.0,2.8,1.66,220.0,40.0,7.0,80.0,7.3,26.0,3.05
501.0,Surendranagar,Dedarda,22.78333,71.73611,7.72,651,436,160.0,0.0,293.0,50.0,22.0,8.4,1.1,240.0,56.0,5.0,85.0,6.9,35.0,2.92
502.0,Surendranagar,Tavi 1,22.72229,71.85795,7.43,214,143,60.0,0.0,85.0,21.0,7.0,5.9,0.27,70.0,16.0,5.0,25.0,2.3,23.0,1.4
503.0,Surendranagar,Shiyani,22.6625,71.82972,7.85,1113,746,90.0,0.0,134.0,213.0,135.0,1.3,0.87,110.0,20.0,10.0,205.0,5.7,18.0,9.4
504.0,Surendranagar,Ghaghretiya,22.62583,71.82861,7.79,2251,1508,230.0,0.0,220.0,355.0,420.0,3.6,1.5,180.0,32.0,36.0,410.0,13.0,28.0,11.75
505.0,Surendranagar,Borana,22.51417,71.83806,7.74,4989,3343,530.0,0.0,146.0,787.0,1282.0,7.9,0.51,120.0,88.0,75.0,882.0,1.9,21.0,16.66
506.0,Surendranagar,Vanala,22.43417,71.92167,7.32,1407,943,220.0,0.0,98.0,355.0,125.0,14.0,0.42,80.0,52.0,22.0,239.0,4.6,32.0,7.01
507.0,Surendranagar,Chuda,22.48639,71.70111,7.51,1767,1184,661.0,0.0,281.0,269.0,99.0,273.0,0.6,230.0,160.0,63.0,110.0,0.9,62.0,1.86
508.0,Surendranagar,Navi Morvad,22.53566,71.57473,7.47,2694,1805,701.0,0.0,415.0,581.0,136.0,40.0,0.75,340.0,120.0,97.0,300.0,0.8,70.0,4.93
509.0,Surendranagar,Sudamda,22.44583,71.48806,7.42,3316,2222,971.0,0.0,488.0,603.0,210.0,237.0,0.33,400.0,228.0,97.0,328.0,2.3,62.0,4.58
510.0,Surendranagar,Nava Sudamda,22.53972,71.43583,7.73,6355,4258,861.0,0.0,427.0,1276.0,888.0,145.0,4.5,350.0,124.0,134.0,1010.0,1.1,32.0,14.97
511.0,Surendranagar,Moti Moladi,22.41778,71.10417,7.12,6765,4533,3253.0,0.0,268.0,1985.0,520.0,106.0,0.75,220.0,437.0,525.0,231.0,0.9,76.0,1.76
433.0,Rajkot,Patan Vav,21.65898,70.3372,8.15,885,593,320.0,0.0,378.0,85.0,26.0,21.0,0.32,310.0,108.0,12.0,67.0,20.0,49.0,1.63
434.0,Rajkot,Upleta,21.72944,70.25194,8.37,2424,1624,150.0,60.0,635.0,454.0,39.0,37.0,2.4,620.0,24.0,22.0,523.0,0.74,40.0,18.57
435.0,Rajkot,Ganod,21.68861,70.16917,7.88,6088,4079,851.0,0.0,329.0,1453.0,940.0,36.0,2.4,270.0,156.0,112.0,1116.0,0.48,44.0,16.64
436.0,Rajkot,Dhoraji 1,21.76333,70.46583,7.82,1662,1114,711.0,0.0,207.0,376.0,65.0,96.0,0.31,170.0,168.0,71.0,80.0,0.5,57.0,1.31
437.0,Rajkot,Taravada,21.80611,70.47889,7.69,2452,1643,1081.0,0.0,159.0,539.0,140.0,277.0,0.26,130.0,240.0,117.0,94.0,0.31,55.0,1.24
438.0,Rajkot,Jasapar,21.88472,70.48806,8.17,952,638,360.0,0.0,256.0,113.0,63.0,84.0,0.35,210.0,88.0,34.0,74.0,0.39,58.0,1.7
439.0,Rajkot,Umrali,21.90861,70.60194,7.89,1786,1197,651.0,0.0,195.0,383.0,150.0,155.0,0.6,160.0,136.0,75.0,156.0,0.36,47.0,2.66
440.0,Rajkot,Kalithad,22.01889,70.65167,7.83,1604,1075,721.0,0.0,146.0,347.0,165.0,105.0,0.22,120.0,164.0,75.0,77.0,0.22,48.0,1.25
441.0,Rajkot,Daliya,22.09583,70.7325,8.18,728,488,280.0,0.0,195.0,85.0,38.0,51.0,0.34,160.0,64.0,29.0,43.0,1.2,40.0,1.12
442.0,Rajkot,Ribda,22.12667,70.77833,7.82,930,623,350.0,0.0,244.0,156.0,46.0,20.0,0.2,200.0,76.0,39.0,70.0,0.62,55.0,1.63
443.0,Rajkot,Targhari,22.38306,70.66944,7.84,2207,1479,811.0,0.0,232.0,482.0,238.0,101.0,0.43,190.0,140.0,112.0,190.0,0.46,63.0,2.9
444.0,Rajkot,Khamta,22.46611,70.56028,8.08,1891,1267,500.0,0.0,549.0,248.0,155.0,74.0,0.55,450.0,80.0,73.0,250.0,2.7,75.0,4.86
445.0,Rajkot,Moviya,22.45639,70.62528,7.64,7017,4701,3102.0,0.0,171.0,2233.0,282.0,315.0,0.33,140.0,681.0,340.0,366.0,1.1,59.0,2.86
446.0,Rajkot,Hadmatiya,22.68222,70.81139,7.75,2952,1978,1061.0,0.0,146.0,737.0,206.0,86.0,0.25,120.0,269.0,95.0,192.0,0.94,56.0,2.56
447.0,Sabarkantha,Boriya,23.26707,72.92394,7.57,2109,1413,450.0,0.0,256.0,496.0,158.0,105.0,0.44,210.0,76.0,63.0,325.0,1.2,50.0,6.66
448.0,Sabarkantha,Umedpura,23.33343,72.9868,7.99,1393,933,380.0,0.0,415.0,220.0,42.0,89.0,1.4,340.0,40.0,68.0,172.0,0.3,22.0,3.84
449.0,Sabarkantha,Harsol1,23.37483,73.01564,8.04,1194,800,250.0,0.0,476.0,99.0,49.0,93.0,1.7,390.0,36.0,39.0,180.0,0.54,22.0,4.95
450.0,Sabarkantha,Kesarpura(Mayal),23.3462,72.95824,8.18,1420,951,310.0,0.0,329.0,248.0,68.0,96.0,1.7,270.0,40.0,51.0,206.0,0.19,19.0,5.09
451.0,Sabarkantha,Virpur_1(Himmat),23.63929,72.94627,8.04,365,245,140.0,0.0,146.0,14.0,15.0,33.0,0.63,120.0,44.0,7.0,22.0,0.21,20.0,0.81
452.0,Sabarkantha,Gadha1,23.69362,72.93774,7.84,2419,1621,390.0,0.0,256.0,482.0,268.0,92.0,1.6,210.0,80.0,46.0,385.0,1.74,37.0,8.48
453.0,Sabarkantha,Bhadreshwar (Daramli),23.7452,72.98319,8.42,1910,1280,280.0,60.0,293.0,333.0,194.0,45.0,2.0,340.0,28.0,51.0,336.0,1.1,32.0,8.73
454.0,Sabarkantha,Sabalwad,23.8709,72.95335,8.04,1005,673,270.0,0.0,220.0,128.0,83.0,77.0,4.4,180.0,60.0,29.0,108.0,1.2,42.0,2.86
455.0,Sabarkantha,Chandap_DW,23.92282,72.84433,7.76,2183,1463,681.0,0.0,171.0,567.0,110.0,92.0,0.69,140.0,152.0,73.0,195.0,4.17,54.0,3.25
456.0,Sabarkantha,Wadali,23.9169,73.03726,7.98,1199,803,350.0,0.0,146.0,213.0,67.0,92.0,0.94,120.0,80.0,36.0,107.0,2.8,42.0,2.49
457.0,Sabarkantha,Matoda,24.1115,73.00773,7.68,2236,1498,831.0,0.0,207.0,560.0,170.0,118.0,0.24,170.0,180.0,92.0,150.0,29.0,72.0,2.26
458.0,Sabarkantha,Poshina2,24.36841,73.03111,7.86,1208,809,380.0,0.0,317.0,184.0,98.0,50.0,0.88,260.0,60.0,56.0,115.0,4.0,50.0,2.56
459.0,Sabarkantha,Hingatiya,24.14659,73.01063,8.04,2028,1359,600.0,0.0,305.0,425.0,216.0,42.0,1.5,250.0,72.0,102.0,216.0,7.3,44.0,3.83
460.0,Sabarkantha,Khedbramha_1,24.05409,73.02759,7.56,3227,2162,1241.0,0.0,195.0,915.0,198.0,120.0,0.8,160.0,377.0,73.0,200.0,2.0,61.0,2.47
461.0,Sabarkantha,Silwad,24.0128,73.1241,7.84,4432,2969,1191.0,0.0,256.0,1333.0,213.0,123.0,0.96,210.0,140.0,204.0,510.0,10.0,59.0,6.43
462.0,Sabarkantha,Punasan,23.66486,73.17127,7.76,518,347,120.0,0.0,159.0,50.0,27.0,30.0,0.99,130.0,32.0,10.0,66.0,0.37,32.0,2.62
463.0,Sabarkantha,Mathasuliya,23.60373,73.13662,7.57,1558,1044,410.0,0.0,256.0,213.0,130.0,180.0,0.8,210.0,124.0,24.0,150.0,59.0,30.0,3.22
464.0,Sabarkantha,Kherwada,23.95178,73.28306,7.75,716,480,220.0,0.0,220.0,99.0,29.0,1.1,0.87,180.0,60.0,17.0,64.0,1.8,36.0,1.88
465.0,Sabarkantha,Atarsumba1,23.97735,73.22355,7.64,838,561,280.0,0.0,159.0,135.0,34.0,57.0,0.73,130.0,72.0,24.0,59.0,1.9,33.0,1.53
466.0,Sabarkantha,Abhapur,24.00133,73.26901,8.19,438,293,170.0,0.0,220.0,35.0,8.0,2.3,0.95,180.0,40.0,17.0,27.0,8.9,30.0,0.9
467.0,Sabarkantha,Kesharpura,23.90549,73.14643,7.65,1314,880,480.0,0.0,159.0,227.0,80.0,139.0,0.57,130.0,128.0,39.0,72.0,1.6,51.0,1.43
468.0,Sabarkantha,Choriwad,23.89635,73.11744,7.4,2055,1377,861.0,0.0,146.0,447.0,85.0,200.0,1.1,120.0,248.0,58.0,82.0,2.2,45.0,1.22
469.0,Sabarkantha,Revas,23.81991,73.13054,7.62,1725,1156,671.0,0.0,195.0,319.0,65.0,263.0,1.2,160.0,144.0,75.0,94.0,1.3,36.0,1.58
470.0,Sabarkantha,Idar,23.84167,73.03043,8.05,1624,1088,430.0,0.0,525.0,227.0,69.0,12.0,3.9,430.0,76.0,58.0,198.0,5.5,43.0,4.15
471.0,Surat,Bhatkol,21.38028,73.00417,7.93,912,611,320.0,0.0,268.0,142.0,43.0,0.0,0.88,220.0,44.0,51.0,74.0,1.44,26.0,1.8
313.0,Mahisagar,Santrampur1,23.19012,73.90559,7.69,916,614,290.0,0.0,195.0,170.0,49.0,20.0,0.55,160.0,64.0,32.0,84.0,1.1,29.0,2.14
314.0,Mehsana,Maguna,23.57727,72.2904,8.25,3400,2278,1080.0,0.0,805.0,660.0,280.0,3.73,0.46,660.0,48.0,233.0,350.0,28.0,41.0,4.63
315.0,Mehsana,Aasjol,23.51355,72.18144,8.2,493,330,210.0,0.0,207.0,50.0,14.0,23.0,0.17,170.0,60.0,15.0,24.0,8.0,20.0,0.72
316.0,Mehsana,Delwada Khant,23.54361,72.1119,8.26,2336,1565,460.0,0.0,903.0,277.0,144.0,15.42,0.81,740.0,84.0,61.0,336.0,68.0,45.0,6.8
317.0,Mehsana,Panchot,23.62354,72.33618,8.04,2032,1361,400.0,0.0,549.0,291.0,250.0,6.81,0.22,450.0,76.0,51.0,271.0,90.0,45.0,5.89
318.0,Mehsana,Vidaj,23.24813,72.29752,8.27,1884,1262,340.0,0.0,549.0,320.0,93.0,18.25,0.1,450.0,76.0,36.0,219.0,147.0,59.0,5.15
319.0,Mehsana,Bhandupura,23.72462,72.37779,8.61,1227,822,190.0,48.0,244.0,163.0,76.0,58.0,0.56,280.0,32.0,27.0,215.0,14.0,35.0,6.78
320.0,Mehsana,Shihi,23.79952,72.34738,7.3,713,478,180.0,0.0,305.0,71.0,25.0,22.11,0.33,250.0,40.0,19.0,68.0,49.0,22.0,2.22
321.0,Mehsana,Dasaj,23.84459,72.44649,7.8,3760,2519,510.0,0.0,439.0,859.0,237.0,80.0,0.1,360.0,92.0,68.0,549.0,110.0,25.0,10.57
322.0,Mehsana,Rampura,23.88393,72.5198,7.9,1096,734,400.0,0.0,439.0,121.0,54.0,15.71,0.26,360.0,88.0,44.0,94.0,1.95,36.0,2.04
323.0,Mehsana,Tarabh,23.7592,72.45704,7.82,768,515,260.0,0.0,305.0,107.0,20.0,2.3,0.05,250.0,60.0,27.0,70.0,10.0,32.0,1.89
324.0,Mehsana,Kheralu,23.88725,72.60823,8.18,1610,1079,440.0,0.0,476.0,298.0,60.0,20.71,1.06,390.0,60.0,71.0,208.0,0.69,46.0,4.3
325.0,Mehsana,Timba,23.99066,72.76133,8.2,743,498,320.0,0.0,342.0,64.0,19.0,9.6,0.87,280.0,88.0,24.0,40.0,1.21,42.0,0.97
326.0,Morbi,Bhalgam,22.43556,71.0825,7.57,2095,1404,861.0,0.0,232.0,532.0,102.0,63.0,0.31,190.0,196.0,90.0,84.0,0.6,56.0,1.25
327.0,Morbi,Chhatar,22.50528,70.75306,8.02,1426,955,460.0,0.0,232.0,277.0,114.0,52.0,0.66,190.0,96.0,54.0,140.0,0.45,66.0,2.84
328.0,Morbi,Lajai,22.71583,70.78028,7.53,5723,3834,2372.0,0.0,220.0,1631.0,249.0,286.0,0.66,180.0,481.0,285.0,329.0,2.1,71.0,2.94
329.0,Morbi,Sindhavadar,22.55167,70.89722,8.18,1497,1003,290.0,0.0,317.0,255.0,87.0,74.0,0.7,260.0,44.0,44.0,208.0,0.51,58.0,5.31
330.0,Morbi,Modpar,22.90167,70.66278,8.16,4229,2833,641.0,0.0,317.0,1205.0,184.0,7.5,0.21,260.0,124.0,80.0,669.0,8.6,9.0,11.5
331.0,Morbi,Mota Dahisara,22.96194,70.61361,8.09,1808,1211,450.0,0.0,317.0,404.0,113.0,4.6,0.34,260.0,96.0,51.0,228.0,10.0,30.0,4.67
332.0,Morbi,Sarvad,23.00639,70.70694,7.88,1834,1229,340.0,0.0,366.0,411.0,56.0,2.7,0.54,300.0,56.0,49.0,295.0,5.8,29.0,6.96
333.0,Morbi,Molia,23.08861,70.75694,8.02,472,316,180.0,0.0,244.0,28.0,8.0,2.8,0.36,200.0,48.0,15.0,31.0,10.0,29.0,1.0
334.0,Morbi,Amarnagar,22.93444,70.82417,7.81,7557,5063,1731.0,0.0,329.0,2425.0,162.0,2.2,3.5,270.0,204.0,297.0,1062.0,8.4,16.0,11.1
335.0,Morbi,Morvi,22.83139,70.85278,8.2,1350,905,290.0,0.0,390.0,170.0,85.0,27.0,2.4,320.0,76.0,24.0,190.0,3.1,35.0,4.85
336.0,Morbi,Nichimandal,22.86111,70.96333,7.88,3296,2208,420.0,0.0,415.0,766.0,125.0,100.0,0.82,340.0,72.0,58.0,563.0,11.0,32.0,11.94
337.0,Morbi,Mathak,22.84278,71.06139,7.85,3435,2301,540.0,0.0,232.0,858.0,170.0,32.0,0.9,190.0,100.0,71.0,520.0,4.8,17.0,9.73
338.0,Morbi,Juna Devaliya 1,23.01111,70.99083,8.12,835,559,210.0,0.0,317.0,92.0,21.0,6.4,0.81,260.0,40.0,27.0,100.0,6.2,22.0,3.0
339.0,Morbi,Jitpur,23.00278,70.89472,8.16,1452,973,280.0,0.0,329.0,269.0,67.0,19.0,2.3,270.0,40.0,44.0,222.0,7.8,20.0,5.77
340.0,Morbi,Halvad 2,23.01917,71.185,7.79,5435,3641,851.0,0.0,378.0,1290.0,683.0,31.0,3.4,310.0,148.0,117.0,975.0,21.0,40.0,14.54
341.0,Narmada,Chikada,21.51401,73.64641,8.28,1050,704,450.0,6.0,153.0,177.0,83.0,65.9,0.29,135.0,144.0,22.0,30.0,2.82,56.0,0.61
342.0,Narmada,Garudeshwar,21.88914,73.65355,8.28,957,641,380.0,72.0,244.0,50.0,37.0,61.3,0.55,320.0,88.0,39.0,45.0,0.68,71.0,0.99
343.0,Narmada,Hirapura,21.86207,73.60232,8.38,864,579,320.0,60.0,195.0,113.0,3.0,14.5,0.53,260.0,108.0,12.0,47.0,4.88,71.0,1.14
344.0,Narmada,Jankh,21.50217,73.49507,8.09,590,395,270.0,0.0,214.0,71.0,12.0,10.3,0.39,175.0,52.0,34.0,11.0,0.24,54.0,0.3
345.0,Narmada,Kanbi pitha,21.57322,73.69625,8.05,570,382,270.0,0.0,183.0,85.0,10.0,13.4,0.26,150.0,56.0,32.0,11.0,0.47,55.0,0.29
346.0,Narmada,Khota amba,21.73258,73.47718,8.02,588,394,260.0,0.0,275.0,43.0,6.0,3.3,0.44,225.0,52.0,32.0,12.0,1.01,53.0,0.33
347.0,Narmada,Namaria,22.0491,73.6235,8.27,805,539,270.0,42.0,329.0,43.0,4.0,1.2,0.21,340.0,48.0,36.0,12.0,78.0,73.0,0.32
348.0,Narmada,Ralda,21.6112,73.63758,8.13,665,446,310.0,0.0,256.0,89.0,2.0,2.3,0.35,210.0,68.0,34.0,9.0,1.21,41.0,0.21
349.0,Narmada,Ringani,21.84144,73.46601,8.28,750,503,340.0,42.0,287.0,43.0,0.0,2.1,0.35,305.0,68.0,41.0,11.0,1.81,41.0,0.26
350.0,Narmada,Salemba 1,21.51625,73.82048,8.05,750,503,240.0,0.0,128.0,149.0,42.0,21.8,0.31,105.0,64.0,19.0,58.0,0.46,51.0,1.63
351.0,Narmada,Umaran,24.49132,73.55166,8.15,725,486,350.0,0.0,195.0,128.0,24.0,0.4,0.24,160.0,60.0,49.0,9.0,1.01,36.0,0.22
273.0,Kutchch,Sukhpar,23.19869,69.60709,7.34,5906,3957,1351.0,0.0,293.0,1099.0,1292.0,42.0,2.0,240.0,341.0,122.0,902.0,5.0,44.0,10.67
274.0,Kutchch,Bhuj,23.24327,69.66415,7.32,1183,793,330.0,0.0,281.0,142.0,143.0,6.6,0.22,230.0,104.0,17.0,104.0,10.0,32.0,2.49
275.0,Kutchch,Habai,23.35487,69.85534,7.61,1442,966,370.0,0.0,317.0,206.0,168.0,5.7,0.77,260.0,60.0,54.0,156.0,9.1,28.0,3.53
276.0,Kutchch,Lodai,23.39703,69.90000,7.45,5224,3500,1121.0,0.0,439.0,1028.0,886.0,5.0,0.86,360.0,136.0,190.0,792.0,23.0,35.0,10.29
277.0,Kutchch,Khavda,23.8375,69.72731,7.42,3827,2564,661.0,0.0,354.0,851.0,410.0,7.7,0.4,290.0,128.0,83.0,612.0,16.0,26.0,10.36
278.0,Kutchch,Devisar,23.40664,69.33391,7.0,7340,4918,1651.0,0.0,268.0,1914.0,730.0,31.0,1.82,220.0,393.0,163.0,952.0,47.0,21.0,10.19
279.0,Kutchch,Mata na Madh,23.54752,68.94839,7.28,1330,891,260.0,0.0,232.0,206.0,135.0,20.0,0.64,190.0,64.0,24.0,161.0,7.3,26.0,4.34
280.0,Kutchch,Lakhpat,23.8233,68.77525,7.54,3212,2152,850.0,0.0,342.0,816.0,128.0,2.0,0.41,280.0,140.0,122.0,350.0,5.2,13.0,5.22
281.0,Kutchch,Moti Cher,23.76901,68.65821,6.87,1250,838,200.0,0.0,220.0,35.0,352.0,23.2,0.0,180.0,64.0,10.0,190.0,11.0,12.0,5.84
282.0,Kutchch,Kharoi,23.47229,68.68397,7.61,5362,3593,1120.0,0.0,525.0,1525.0,58.0,3.2,0.12,430.0,200.0,151.0,700.0,20.0,13.0,9.09
283.0,Kutchch,Naliya,23.2594,68.83056,8.33,1610,1079,175.0,15.0,635.0,156.0,37.0,13.2,1.0,545.0,50.0,12.0,288.0,2.6,19.0,9.47
284.0,Kutchch,Tera,23.28303,68.94035,7.73,2550,1709,380.0,0.0,635.0,461.0,66.0,34.2,3.9,520.0,64.0,54.0,406.0,7.9,21.0,9.06
285.0,Kutchch,Mothala,23.20307,69.13545,7.55,5017,3361,1120.0,0.0,256.0,1560.0,75.0,5.4,0.45,210.0,204.0,148.0,626.0,3.2,26.0,8.13
286.0,Kutchch,Vinjhan,23.10469,69.02678,7.58,1225,821,390.0,0.0,378.0,43.0,229.0,2.6,0.45,310.0,76.0,49.0,96.0,5.9,20.0,2.11
287.0,Kutchch,Kotaya,23.04451,69.07902,7.56,2000,1340,290.0,0.0,500.0,255.0,198.0,46.0,2.7,410.0,60.0,34.0,322.0,1.6,31.0,8.22
288.0,Kutchch,Bambhdai,22.94148,69.08258,7.63,8660,5802,1100.0,0.0,366.0,2752.0,80.0,9.2,1.0,300.0,196.0,148.0,1474.0,8.0,20.0,19.32
289.0,Kutchch,Kotadi,23.04659,69.19384,7.86,2100,1407,180.0,0.0,537.0,163.0,351.0,11.2,3.55,440.0,24.0,29.0,390.0,5.1,27.0,12.64
290.0,Kutchch,Mau Moti,23.10103,69.29059,7.55,1612,1080,410.0,0.0,195.0,184.0,329.0,56.8,0.95,160.0,84.0,49.0,182.0,4.8,33.0,3.91
291.0,Kutchch,Mandvi,22.84286,69.32740,7.74,650,436,230.0,0.0,220.0,28.0,88.0,7.6,0.12,180.0,48.0,27.0,40.0,5.6,10.0,1.15
292.0,Kutchch,Asambia  Mota,22.96548,69.43888,7.51,2550,1709,300.0,0.0,366.0,461.0,294.0,7.0,0.13,300.0,80.0,24.0,450.0,4.5,16.0,11.3
293.0,Kutchch,Dhunai,23.05806,69.50183,7.11,1505,1008,310.0,0.0,317.0,163.0,245.0,20.2,0.72,260.0,88.0,22.0,206.0,2.7,87.0,5.09
294.0,Kutchch,Karagoga,22.93808,69.66175,7.85,4999,3349,260.0,0.0,1037.0,901.0,349.0,18.2,1.75,850.0,48.0,34.0,1030.0,2.7,36.0,27.77
295.0,Kutchch,Luni,22.87277,69.80994,7.67,3052,2045,440.0,0.0,415.0,738.0,132.0,15.4,0.32,340.0,80.0,58.0,496.0,9.4,21.0,10.28
296.0,Kutchch,Vadala,22.91678,69.85413,7.6,5787,3877,790.0,0.0,866.0,1177.0,360.0,170.6,1.0,710.0,148.0,102.0,936.0,36.0,31.0,14.48
297.0,Kutchch,Bhadeshwar,22.91277,69.89732,7.71,1304,874,410.0,0.0,183.0,269.0,109.0,21.8,0.16,150.0,84.0,49.0,106.0,13.0,27.0,2.28
298.0,Kutchch,Shinaya,23.03956,70.06257,7.94,4925,3300,350.0,0.0,329.0,940.0,818.0,6.4,0.67,270.0,124.0,10.0,972.0,4.3,28.0,22.59
299.0,Kutchch,Samakhiali,23.30665,70.50414,7.56,5000,3350,910.0,0.0,573.0,1347.0,34.0,71.6,2.6,470.0,112.0,153.0,716.0,14.0,25.0,10.32
300.0,Mahisagar,Balasinor,22.94809,73.32546,7.65,727,487,250.0,0.0,244.0,99.0,35.0,6.2,0.5,200.0,92.0,5.0,56.0,7.7,24.0,1.54
301.0,Mahisagar,Juna vasadra,23.07433,73.37466,8.33,789,529,280.0,36.0,317.0,50.0,35.0,3.2,0.41,320.0,64.0,29.0,72.0,1.4,87.0,1.87
302.0,Mahisagar,Bar,23.17292,73.42830,8.01,711,476,240.0,0.0,195.0,92.0,45.0,35.0,0.56,160.0,56.0,24.0,61.0,5.3,29.0,1.71
303.0,Mahisagar,Limbadia peti,23.22965,73.59100,8.08,736,493,240.0,0.0,317.0,57.0,37.0,7.9,1.0,260.0,32.0,39.0,74.0,1.3,35.0,2.08
304.0,Mahisagar,Pandarvada,23.35802,73.61470,8.47,567,380,150.0,24.0,207.0,71.0,2.0,0.0,0.61,210.0,20.0,24.0,70.0,0.45,8.0,2.48
305.0,Mahisagar,Khanpur,23.28778,73.67848,8.18,636,426,200.0,0.0,159.0,92.0,38.0,38.0,0.49,130.0,32.0,29.0,65.0,0.84,43.0,2.0
306.0,Mahisagar,Malekpur1,23.23574,########,8.05,626,419,200.0,0.0,220.0,64.0,43.0,11.0,0.72,180.0,40.0,24.0,61.0,3.2,28.0,1.88
307.0,Mahisagar,Gadhar,23.01457,73.52183,7.86,996,667,300.0,0.0,256.0,149.0,67.0,15.0,0.84,210.0,56.0,39.0,99.0,3.7,28.0,2.49
308.0,Mahisagar,Kantha,23.1433,73.64325,7.93,815,546,180.0,0.0,232.0,106.0,50.0,12.0,0.87,190.0,40.0,19.0,102.0,1.2,26.0,3.31
309.0,Mahisagar,Lunawada,23.11949,73.61098,8.19,1530,1025,620.0,0.0,451.0,213.0,90.0,59.0,0.27,370.0,188.0,36.0,96.0,14.0,45.0,1.68
310.0,Mahisagar,Jokha,23.03853,73.61048,8.2,1080,724,360.0,0.0,549.0,50.0,30.0,36.0,1.2,450.0,76.0,41.0,99.0,17.0,68.0,2.27
311.0,Mahisagar,Kothamba,23.01457,73.52183,8.18,1159,777,270.0,0.0,305.0,177.0,78.0,16.0,0.69,250.0,36.0,44.0,160.0,2.1,53.0,4.23
73.0,Bharuch,Bharuch,21.6816,72.81526,8.29,1400,938,410.0,78.0,232.0,227.0,84.0,10.9,0.48,320.0,80.0,51.0,128.0,6.02,54.0,2.75
74.0,Bharuch,Bhensli,21.72439,72.75247,8.35,836,560,240.0,6.0,146.0,191.0,15.0,6.9,0.45,130.0,56.0,24.0,81.0,10.0,35.0,2.28
75.0,Bharuch,Chhindra,22.1014,72.59498,8.32,1105,740,350.0,54.0,207.0,156.0,35.0,43.8,0.35,260.0,76.0,39.0,53.0,68.0,48.0,1.24
76.0,Bharuch,Dahegam,22.18464,72.59017,7.84,1520,1018,600.0,0.0,415.0,284.0,13.0,5.6,0.15,340.0,60.0,109.0,44.0,47.0,36.0,0.77
77.0,Bharuch,Ilav,21.44526,72.8036,7.79,2700,1809,320.0,0.0,958.0,408.0,10.0,36.8,1.23,785.0,92.0,22.0,449.0,40.0,54.0,10.92
78.0,Bharuch,Jetpur1,21.58398,72.81075,8.27,5555,3722,1550.0,144.0,146.0,1489.0,296.0,15.7,0.65,360.0,220.0,243.0,522.0,59.0,44.0,5.77
79.0,Bharuch,Jokhla,21.63768,73.28153,8.11,1044,699,330.0,0.0,293.0,184.0,33.0,13.8,1.07,240.0,32.0,61.0,92.0,0.76,72.0,2.19
80.0,Bharuch,Kalak_1,22.02876,72.76415,8.02,874,586,320.0,0.0,299.0,106.0,13.0,30.5,0.8,245.0,68.0,36.0,39.0,25.0,48.0,0.95
81.0,Bharuch,Kaswa (Koswa),21.68163,72.81538,8.31,800,536,330.0,54.0,171.0,121.0,6.0,1.7,0.21,230.0,76.0,34.0,20.0,24.0,46.0,0.47
82.0,Bharuch,Kavi,21.19533,72.63668,8.72,2350,1575,300.0,108.0,360.0,340.0,135.0,125.4,0.37,475.0,24.0,58.0,151.0,416.0,45.0,3.8
83.0,Bharuch,Kondh,21.57764,73.07601,8.06,1040,697,480.0,0.0,311.0,128.0,64.0,36.0,1.09,255.0,28.0,100.0,15.0,13.0,42.0,0.3
84.0,Bharuch,Luhara,21.67211,72.55233,7.93,1051,704,230.0,0.0,171.0,184.0,65.0,43.9,0.74,140.0,36.0,34.0,92.0,81.0,28.0,2.63
85.0,Bharuch,Mahegam1,21.67619,72.75987,8.28,470,315,170.0,24.0,165.0,43.0,4.0,5.0,0.33,175.0,36.0,19.0,28.0,2.64,25.0,0.93
86.0,Bharuch,Motwan,22.55401,72.88333,7.96,3842,2574,950.0,0.0,439.0,957.0,185.0,9.7,0.68,360.0,220.0,97.0,460.0,11.0,38.0,6.49
87.0,Bharuch,Navetha,21.70914,72.82814,7.91,5205,3487,1700.0,0.0,732.0,1312.0,119.0,8.1,0.22,600.0,280.0,243.0,365.0,85.0,66.0,3.85
88.0,Bharuch,Netrang1,21.63507,73.36611,8.03,987,661,320.0,0.0,189.0,177.0,63.0,12.9,0.44,155.0,80.0,29.0,65.0,1.41,51.0,1.57
89.0,Bharuch,Nirnavi,21.79446,72.65811,8.27,750,503,260.0,60.0,189.0,85.0,2.0,21.1,0.63,255.0,60.0,27.0,42.0,17.0,31.0,1.14
90.0,Bharuch,Panoli,21.53694,72.97481,8.1,2572,1723,300.0,0.0,256.0,652.0,140.0,33.6,1.4,210.0,44.0,46.0,458.0,1.05,28.0,11.49
91.0,Bharuch,Raymal,21.51905,72.8197,8.28,2150,1441,400.0,60.0,348.0,454.0,37.0,8.5,0.88,385.0,56.0,63.0,304.0,7.84,20.0,6.62
92.0,Bharuch,Roja tankaria,21.91044,72.78855,8.28,1425,955,430.0,36.0,421.0,199.0,24.0,4.6,0.21,405.0,96.0,46.0,103.0,41.0,50.0,2.15
93.0,Bharuch,Sahol,21.44464,72.81835,8.07,4600,3082,1250.0,0.0,415.0,1135.0,208.0,173.3,0.94,340.0,280.0,134.0,477.0,2.52,42.0,5.87
94.0,Bharuch,Sajod,21.6192,72.91082,8.66,2620,1755,240.0,114.0,610.0,369.0,80.0,29.6,1.51,690.0,32.0,39.0,490.0,2.62,59.0,13.75
95.0,Bharuch,Sarod,22.16102,72.75574,8.39,1550,1039,460.0,114.0,317.0,184.0,48.0,8.1,0.78,450.0,40.0,88.0,140.0,2.43,44.0,2.84
96.0,Bharuch,Tankari,21.98822,72.66913,8.08,6856,4594,1900.0,0.0,854.0,1738.0,227.0,72.6,0.51,700.0,100.0,401.0,636.0,162.0,44.0,6.35
97.0,Bharuch,Utraj,21.58766,72.82431,8.41,2000,1340,540.0,72.0,519.0,213.0,90.0,56.9,0.73,545.0,56.0,97.0,186.0,21.0,67.0,3.49
98.0,Bharuch,Bhadkodara,22.05727,72.5873,8.48,5150,3451,1100.0,216.0,781.0,1028.0,163.0,3.9,0.73,1000.0,100.0,207.0,635.0,70.0,28.0,8.32
99.0,Bhavnagar,Timbi2,20.89583,71.20417,8.39,2660,1782,390.0,96.0,244.0,462.0,146.0,224.2,0.88,360.0,32.0,75.0,412.0,7.94,44.0,9.06
100.0,Bhavnagar,Bhavnagar1,21.77363,72.1455,7.18,1315,881,360.0,0.0,305.0,241.0,65.0,29.6,0.49,250.0,80.0,39.0,150.0,3.71,40.0,3.44
101.0,Bhavnagar,Bora,21.16294,71.87259,8.64,1470,985,80.0,120.0,488.0,78.0,50.0,55.0,2.75,600.0,12.0,12.0,325.0,1.88,23.0,15.8
102.0,Bhavnagar,Datha,21.21385,71.95005,8.45,1435,961,220.0,84.0,122.0,312.0,50.0,7.53,1.09,240.0,44.0,27.0,224.0,9.25,19.0,6.57
103.0,Bhavnagar,Dudhala,21.14092,71.65106,7.94,2540,1702,840.0,0.0,305.0,540.0,154.0,167.35,0.46,250.0,88.0,151.0,214.0,4.0,101.0,3.21
104.0,Bhavnagar,Gariyadhar,21.54434,71.56363,7.83,2595,1739,820.0,0.0,244.0,525.0,284.0,152.9,0.65,200.0,88.0,146.0,231.0,0.87,91.0,3.51
105.0,Bhavnagar,Ghogha,21.68028,72.28174,8.42,2780,1863,420.0,120.0,403.0,391.0,199.0,182.2,0.29,530.0,92.0,46.0,420.0,63.0,51.0,8.91
106.0,Bhavnagar,Jalia,21.79995,71.61096,7.3,2910,1950,1050.0,0.0,293.0,689.0,210.0,82.65,0.5,240.0,224.0,119.0,226.0,1.7,82.0,3.03
107.0,Bhavnagar,Longadi,21.21325,71.88606,8.2,760,509,140.0,0.0,293.0,78.0,40.0,6.38,0.6,240.0,40.0,10.0,96.0,28.7,68.0,3.51
108.0,Bhavnagar,Lonjdhara,22.09637,71.89315,8.48,1445,968,280.0,72.0,317.0,213.0,28.0,77.25,1.72,380.0,32.0,49.0,238.0,0.69,89.0,6.19
109.0,Bhavnagar,Mahuva,21.09996,71.74701,8.52,5070,3397,220.0,132.0,451.0,1115.0,310.0,72.25,0.94,590.0,24.0,39.0,1025.0,2.16,42.0,30.05
110.0,Bhavnagar,Motivadal,21.1915,71.5491,8.26,1230,824,440.0,0.0,403.0,185.0,65.0,25.0,0.35,330.0,64.0,68.0,99.0,6.86,74.0,2.06
111.0,Bhavnagar,Panchpipla,21.54456,71.72486,8.16,1535,1028,350.0,0.0,403.0,284.0,65.0,36.0,0.64,330.0,40.0,61.0,210.0,0.56,56.0,4.87
33.0,Amreli,Sanaria,21.55006,71.43192,8.25,4030,2700,550.0,0.0,464.0,511.0,950.0,3.19,1.2,380.0,72.0,90.0,685.0,5.83,7.0,12.7
34.0,Amreli,Trakuda,21.01651,71.28288,8.62,738,494,260.0,36.0,146.0,107.0,46.0,30.33,0.76,180.0,60.0,27.0,65.0,1.97,33.0,1.75
35.0,Amreli,Untvad,21.9068,71.22283,8.38,1060,710,420.0,60.0,73.0,135.0,90.0,135.8,0.8,160.0,100.0,41.0,68.0,0.5,51.0,1.44
36.0,Amreli,Vaghania juna,21.58344,70.9695,8.28,1960,1313,360.0,0.0,488.0,341.0,100.0,95.0,1.06,400.0,36.0,66.0,300.0,17.0,68.0,6.87
37.0,Amreli,Vanda,21.38972,71.5075,8.65,1710,1146,70.0,108.0,464.0,227.0,57.0,5.81,1.04,560.0,16.0,7.0,394.0,2.31,18.0,20.47
38.0,Amreli,Vankiya,21.53957,71.16553,8.26,1490,998,250.0,0.0,366.0,270.0,68.0,35.0,0.78,300.0,36.0,39.0,230.0,1.63,41.0,6.32
39.0,Amreli,Virpur,21.25393,71.14588,8.23,775,519,310.0,0.0,403.0,43.0,28.0,11.69,0.42,330.0,64.0,36.0,52.0,4.25,37.0,1.28
40.0,Anand,Adas_DW,22.47249,73.03515,8.33,1760,1179,625.0,60.0,464.0,213.0,25.0,86.1,0.55,480.0,44.0,125.0,95.0,3.17,38.0,1.65
41.0,Anand,Anklav2,22.37637,72.99713,8.39,1895,1270,640.0,60.0,604.0,213.0,32.0,40.3,0.72,595.0,20.0,143.0,140.0,2.61,70.0,2.41
42.0,Anand,Bandhani,22.53797,72.81221,8.27,2246,1505,720.0,60.0,397.0,454.0,21.0,69.0,1.05,425.0,132.0,95.0,162.0,33.0,27.0,2.62
43.0,Anand,Bhadran (Utiyapara),22.38449,72.90135,8.27,686,460,300.0,60.0,177.0,57.0,8.0,5.0,0.42,245.0,52.0,41.0,19.0,1.31,37.0,0.47
44.0,Anand,Dali,22.2832,72.76294,8.52,3276,2195,650.0,66.0,622.0,589.0,161.0,15.6,1.18,620.0,180.0,49.0,541.0,23.0,51.0,9.23
45.0,Anand,Dharmaj,22.42074,72.78741,8.62,2796,1873,310.0,126.0,738.0,269.0,108.0,106.0,1.39,815.0,32.0,56.0,492.0,2.48,78.0,12.14
46.0,Anand,Ghora,22.69264,73.04956,8.33,2395,1605,690.0,6.0,354.0,518.0,112.0,42.0,0.57,300.0,264.0,7.0,207.0,20.0,58.0,3.42
47.0,Anand,Kansari1,22.34128,72.65155,8.54,5090,3410,700.0,168.0,488.0,1099.0,233.0,22.7,0.82,680.0,100.0,109.0,846.0,3.47,50.0,13.91
48.0,Anand,Parvata,22.69117,73.0849,8.28,1368,917,460.0,90.0,287.0,170.0,65.0,6.9,1.03,385.0,72.0,68.0,97.0,2.55,39.0,1.96
49.0,Anand,Tol,22.49961,72.59696,6.91,700,469,270.0,0.0,207.0,78.0,20.0,62.0,0.65,170.0,48.0,36.0,32.0,7.01,23.0,0.84
50.0,Arvalli,Shamlaji,23.683,73.36843,7.72,451,302,140.0,0.0,159.0,50.0,17.0,3.2,0.85,130.0,40.0,10.0,41.0,0.65,22.0,1.51
51.0,Arvalli,Bhiloda2,23.76232,73.26778,7.71,839,562,240.0,0.0,256.0,113.0,42.0,26.0,0.93,210.0,48.0,29.0,84.0,3.1,26.0,2.36
52.0,Arvalli,Takatuka_1,23.8031,73.28951,7.63,1822,1221,430.0,0.0,317.0,355.0,63.0,89.0,0.59,260.0,88.0,51.0,222.0,1.4,24.0,4.65
53.0,Arvalli,Gadada,23.59517,73.20598,7.94,1683,1128,570.0,0.0,183.0,255.0,217.0,146.0,1.2,150.0,100.0,78.0,130.0,0.65,32.0,2.37
54.0,Arvalli,Medasana,23.52886,73.21644,8.13,904,606,250.0,0.0,183.0,142.0,44.0,46.0,0.55,150.0,48.0,32.0,92.0,0.63,33.0,2.53
55.0,Arvalli,Modasa2,23.46114,73.30266,8.02,738,494,170.0,0.0,134.0,113.0,50.0,34.0,0.73,110.0,40.0,17.0,88.0,2.7,50.0,2.93
56.0,Arvalli,Seenawad,23.47635,73.3956,7.86,1590,1065,550.0,0.0,134.0,333.0,130.0,110.0,0.87,110.0,120.0,61.0,99.0,17.0,26.0,1.84
57.0,Arvalli,Hamirpur,23.40632,73.4606,7.74,1340,898,470.0,0.0,146.0,284.0,56.0,97.0,1.1,120.0,124.0,39.0,95.0,0.97,26.0,1.91
58.0,Arvalli,Malpur_1,23.37151,73.4555,7.93,756,507,310.0,0.0,183.0,64.0,37.0,122.0,0.72,150.0,68.0,34.0,35.0,0.45,43.0,0.86
59.0,Arvalli,Karanpur,23.33241,73.32694,7.89,633,424,180.0,0.0,183.0,85.0,23.0,32.0,0.67,150.0,44.0,17.0,69.0,0.4,15.0,2.24
60.0,Arvalli,Dhansura,23.34719,73.19948,7.91,984,659,380.0,0.0,305.0,121.0,56.0,51.0,0.59,250.0,52.0,61.0,72.0,0.54,63.0,1.61
61.0,Arvalli,Alwa Kampa,23.277,73.21062,8.15,906,607,290.0,0.0,366.0,85.0,43.0,31.0,0.7,300.0,36.0,49.0,94.0,0.58,64.0,2.4
62.0,Arvalli,Boral,23.12906,73.21503,7.9,3364,2254,861.0,0.0,342.0,815.0,69.0,131.0,0.5,280.0,80.0,161.0,345.0,1.2,57.0,5.11
63.0,Arvalli,Sathamba,23.17337,73.3304,8.35,768,515,290.0,36.0,293.0,64.0,23.0,4.8,0.75,300.0,44.0,44.0,61.0,2.7,52.0,1.56
64.0,Banaskantha,Dantiwada,24.31485,72.32659,8.07,566,379,240.0,0.0,220.0,64.0,21.0,26.5,0.23,180.0,68.0,17.0,32.0,0.83,33.0,0.9
65.0,Banaskantha,Sodhapur,24.40309,72.29688,8.26,908,608,170.0,0.0,390.0,85.0,35.0,30.0,1.31,320.0,40.0,17.0,152.0,2.5,33.0,5.07
66.0,Banaskantha,Gangundra,24.43964,72.3648,7.74,3320,2224,1000.0,0.0,439.0,852.0,120.0,79.65,1.33,360.0,216.0,112.0,312.0,18.0,44.0,4.28
67.0,Banaskantha,Khoda,24.65671,71.77069,8.97,2518,1687,150.0,120.0,464.0,412.0,140.0,10.9,1.38,580.0,12.0,29.0,510.0,9.05,16.0,18.09
68.0,Banaskantha,Mohabatgadh,24.15584,72.70437,7.77,1255,841,420.0,0.0,171.0,277.0,60.0,77.85,0.99,140.0,144.0,15.0,120.0,2.74,38.0,2.55
69.0,Banaskantha,Ratanpur,24.17833,72.74837,7.43,1243,833,490.0,0.0,183.0,213.0,70.0,142.7,0.24,150.0,136.0,36.0,90.0,2.4,42.0,1.77
70.0,Banaskantha,Ghanapipdi,24.29368,72.94674,7.8,830,556,280.0,0.0,342.0,71.0,36.0,41.65,1.5,280.0,60.0,32.0,80.0,2.15,53.0,2.08
71.0,Banaskantha,Amirgadh,24.40072,72.64781,8.14,2998,2009,880.0,0.0,622.0,611.0,162.0,94.85,0.74,510.0,112.0,146.0,355.0,3.75,53.0,5.2
1.0,Ahmedabad,Dalod,23.36667,71.96667,7.9,12860,8616,1290.0,0.0,1220.0,3834.0,625.0,5.6,4.2,1000.0,136.0,231.0,2400.0,55.0,33.0,29.05
2.0,Ahmedabad,Dhandhuka1,22.375,71.98611,8.37,12310,8248,1300.0,192.0,537.0,3195.0,755.0,46.0,5.0,760.0,96.0,258.0,2140.0,28.0,51.0,25.81
3.0,Ahmedabad,Endla,23.27222,72.05833,7.67,713,478,260.0,0.0,342.0,43.0,42.0,5.0,0.54,280.0,52.0,32.0,50.0,10.0,22.0,1.35
4.0,Ahmedabad,Gamph,22.35833,72.16667,7.87,430,288,140.0,0.0,195.0,36.0,16.0,0.7,0.67,160.0,28.0,17.0,42.0,3.2,34.0,1.54
5.0,Ahmedabad,Ghuma,23.03333,72.44583,7.34,4252,2849,750.0,0.0,781.0,888.0,280.0,0.5,0.67,640.0,92.0,126.0,485.0,225.0,34.0,7.7
6.0,Ahmedabad,Kumarkhan,22.9,72.01667,7.51,9154,6133,760.0,0.0,695.0,2485.0,410.0,14.0,2.1,570.0,100.0,124.0,1720.0,42.0,45.0,27.13
7.0,Ahmedabad,Mandal2,23.275,71.91667,8.71,3827,2564,180.0,60.0,195.0,973.0,226.0,1.2,1.65,260.0,36.0,22.0,750.0,3.1,18.0,24.31
8.0,Ahmedabad,Tagadi1,22.29583,71.94722,7.65,1642,1100,320.0,0.0,415.0,241.0,185.0,21.0,1.92,340.0,64.0,39.0,248.0,4.8,26.0,6.02
9.0,Ahmedabad,Ughraj1,23.36667,72.1,7.65,610,409,180.0,0.0,256.0,57.0,45.0,0.3,1.2,210.0,36.0,22.0,70.0,1.6,17.0,2.27
10.0,Ahmedabad,Viramgam2,23.14167,72.03333,8.13,6681,4476,410.0,0.0,781.0,1775.0,370.0,1.7,1.21,640.0,44.0,73.0,1400.0,9.3,26.0,30.06
11.0,Ahmedabad,Koth,22.65505,72.2878,7.87,611,409,200.0,0.0,207.0,57.0,46.0,21.0,0.48,170.0,64.0,10.0,55.0,0.2,9.0,1.69
12.0,Ahmedabad,Vagad,22.2971,71.94673,7.3,7736,5183,1460.0,0.0,891.0,1562.0,1075.0,1.7,2.0,730.0,248.0,204.0,1110.0,31.0,76.0,12.63
13.0,Ahmedabad,Vinchhiya,22.92524,72.2912,7.83,2632,1763,360.0,0.0,744.0,341.0,259.0,0.0,1.31,610.0,64.0,49.0,450.0,4.0,21.0,10.31
14.0,Ahmedabad,Viramgam,23.13639,72.03861,8.16,6724,4505,370.0,0.0,757.0,1773.0,389.0,2.8,1.3,620.0,44.0,63.0,1432.0,11.0,25.0,32.37
15.0,Ahmedabad,Dalod,23.35278,71.9675,8.01,12980,8697,1271.0,0.0,1196.0,3772.0,638.0,12.0,4.1,981.0,144.0,221.0,2480.0,53.0,31.0,30.26
16.0,Ahmedabad,Endla,23.28028,72.04861,7.87,688,461,250.0,0.0,329.0,43.0,36.0,3.0,0.5,270.0,48.0,32.0,50.0,11.0,20.0,1.37
17.0,Amreli,Ankadia mota,21.64529,71.10612,8.14,1300,871,360.0,0.0,293.0,199.0,88.0,88.8,0.85,240.0,64.0,49.0,155.0,1.61,48.0,3.56
18.0,Amreli,Bagasara,21.47675,70.96082,8.18,2358,1580,490.0,0.0,171.0,454.0,195.0,161.7,0.66,140.0,108.0,54.0,280.0,1.77,47.0,5.5
19.0,Amreli,Bherai,20.97403,71.48683,8.2,2140,1434,360.0,0.0,244.0,511.0,80.0,11.44,0.72,200.0,56.0,54.0,300.0,29.0,30.0,6.87
20.0,Amreli,Bhuva,21.42771,71.35965,8.39,8258,5533,530.0,192.0,488.0,1995.0,514.0,171.25,1.04,720.0,32.0,109.0,1580.0,72.0,34.0,29.84
21.0,Amreli,Chavand,21.81105,71.40574,8.12,670,449,210.0,0.0,317.0,57.0,20.0,11.0,0.9,260.0,40.0,27.0,71.0,0.9,46.0,2.12
22.0,Amreli,Dharai (Balmukund),21.80774,71.14809,8.33,925,620,310.0,36.0,183.0,135.0,55.0,31.16,0.75,210.0,68.0,34.0,84.0,0.85,44.0,2.07
23.0,Amreli,Goradka,21.22802,71.40808,8.01,1190,797,460.0,0.0,195.0,178.0,94.0,116.85,0.66,160.0,88.0,58.0,76.0,0.63,60.0,1.55
24.0,Amreli,Ingorala,21.22684,71.20257,8.26,775,519,260.0,0.0,281.0,64.0,76.0,29.21,0.64,230.0,36.0,41.0,75.0,0.69,45.0,2.02
25.0,Amreli,Kadiyali,20.86175,71.30227,7.79,4710,3156,750.0,0.0,183.0,1377.0,158.0,8.44,1.09,150.0,164.0,83.0,660.0,10.0,22.0,10.48
26.0,Amreli,Khamba,21.14645,71.23811,8.3,668,448,210.0,48.0,220.0,50.0,23.0,10.21,0.75,260.0,40.0,27.0,70.0,0.86,39.0,2.1
27.0,Amreli,Kunkavav,21.6555,70.98048,7.97,1550,1039,450.0,0.0,329.0,270.0,120.0,77.6,0.82,270.0,72.0,66.0,166.0,1.19,68.0,3.41
28.0,Amreli,Lathi,21.72698,71.38298,8.27,1535,1028,280.0,0.0,268.0,298.0,67.0,24.46,0.92,220.0,32.0,49.0,204.0,2.49,55.0,5.31
29.0,Amreli,Mandal,21.09944,71.57929,7.89,4648,3114,1310.0,0.0,195.0,1179.0,190.0,250.0,0.89,160.0,204.0,195.0,400.0,6.45,87.0,4.81
30.0,Amreli,Morjhar,21.37577,71.11398,8.35,895,600,320.0,48.0,171.0,149.0,31.0,30.4,0.63,220.0,60.0,41.0,73.0,1.0,48.0,1.77
31.0,Amreli,Piyava,21.37955,71.46023,8.47,1350,905,260.0,72.0,366.0,156.0,26.0,76.0,0.82,420.0,28.0,46.0,206.0,0.81,47.0,5.55
153.0,Dang,Subir,20.92222,73.58056,8.25,385,258,170.0,0.0,134.0,43.0,27.0,5.29,0.16,110.0,32.0,22.0,18.0,0.74,55.0,0.6
154.0,Dang,Ahwa1,20.75833,73.68333,7.5,721,483,260.0,0.0,256.0,99.0,41.0,0.58,0.21,210.0,72.0,19.0,59.0,11.0,29.0,1.59
155.0,Dang,Umberpada,20.68333,73.725,7.8,387,259,170.0,0.0,183.0,28.0,16.0,1.56,0.29,150.0,40.0,17.0,18.0,1.34,42.0,0.6
156.0,Dang,Malegaon,20.6,73.74583,7.88,438,293,210.0,0.0,195.0,43.0,14.0,4.62,0.29,160.0,60.0,15.0,15.0,0.42,48.0,0.45
157.0,Dang,Jakana,20.63333,73.74583,8.02,586,393,280.0,0.0,232.0,50.0,25.0,30.0,0.27,190.0,72.0,24.0,18.0,0.74,64.0,0.47
158.0,Dang,Dhumkal,20.64583,73.79167,8.04,545,365,260.0,0.0,220.0,50.0,24.0,25.0,0.21,180.0,68.0,22.0,20.0,0.74,49.0,0.54
159.0,Dang,Boripada,20.64,73.69139,7.71,438,293,200.0,0.0,244.0,21.0,7.0,5.05,0.27,200.0,56.0,15.0,16.0,0.98,76.0,0.49
160.0,Dang,Chikhli,20.64,73.69139,7.91,375,251,160.0,0.0,171.0,21.0,6.0,0.18,0.23,140.0,52.0,7.0,10.0,0.23,61.0,0.34
161.0,Dang,Nana pada,20.7,73.58333,8.03,388,260,190.0,0.0,220.0,14.0,7.0,1.04,0.26,180.0,44.0,19.0,12.0,0.26,60.0,0.38
162.0,Dang,Sakarpatal,20.71944,73.55694,8.03,398,267,190.0,0.0,207.0,21.0,8.0,9.22,0.24,170.0,52.0,15.0,13.0,0.2,60.0,0.41
163.0,Dang,Waghai,20.76389,73.50444,7.95,610,409,290.0,0.0,220.0,64.0,43.0,12.0,0.24,180.0,52.0,39.0,22.0,0.32,62.0,0.56
164.0,Dang,Chinchnogaotha,20.80833,73.55278,7.81,649,435,310.0,0.0,232.0,71.0,30.0,31.0,0.31,190.0,76.0,29.0,23.0,0.17,84.0,0.57
165.0,Dang,Vazat Amba,20.87833,73.51833,8.25,466,312,230.0,0.0,244.0,21.0,12.0,7.26,0.13,200.0,56.0,22.0,13.0,0.24,52.0,0.37
166.0,Dang,Sodmal,20.86667,73.61667,8.18,425,285,200.0,0.0,220.0,21.0,10.0,1.7,0.23,180.0,40.0,24.0,14.0,0.31,61.0,0.43
167.0,Dang,Nadak khadi,20.80417,73.6125,8.12,482,323,200.0,0.0,220.0,35.0,14.0,9.02,0.21,180.0,48.0,19.0,28.0,0.33,54.0,0.86
168.0,Dang,Ghubita,20.8,73.7375,8.13,425,285,200.0,0.0,232.0,21.0,5.0,2.08,0.24,190.0,48.0,19.0,15.0,0.51,63.0,0.46
169.0,Dang,Chinchpada,20.6375,73.775,8.12,366,245,170.0,0.0,207.0,14.0,4.0,0.39,0.2,170.0,40.0,17.0,15.0,0.37,26.0,0.5
170.0,Dang,Bori Goatha 1,20.81083,73.50306,7.99,1755,1176,390.0,0.0,293.0,326.0,249.0,11.79,0.36,240.0,72.0,51.0,248.0,2.78,19.0,5.46
171.0,Devbhumi Dwarka,Ambardi,21.91667,69.85833,8.0,1540,1032,610.0,0.0,134.0,284.0,180.0,104.0,0.22,110.0,128.0,71.0,86.0,1.1,56.0,1.51
172.0,Devbhumi Dwarka,Aramda,22.43333,69.04167,7.9,1737,1164,560.0,0.0,403.0,376.0,62.0,3.3,0.38,330.0,84.0,85.0,180.0,5.7,25.0,3.31
173.0,Devbhumi Dwarka,Bhanvad,21.92778,69.79583,8.2,906,607,250.0,0.0,366.0,99.0,41.0,7.1,0.56,300.0,48.0,32.0,106.0,3.3,40.0,2.91
174.0,Devbhumi Dwarka,Bhogat1,21.99167,69.24583,7.8,3361,2252,641.0,0.0,244.0,787.0,293.0,16.3,1.04,200.0,108.0,90.0,425.0,11.0,18.0,7.3
175.0,Devbhumi Dwarka,Dwarka,22.24583,68.95833,7.92,2590,1735,370.0,0.0,366.0,518.0,200.0,72.0,0.11,300.0,56.0,56.0,378.0,34.0,18.0,8.54
176.0,Devbhumi Dwarka,Juvanpur,22.17083,69.36667,8.16,3612,2420,901.0,0.0,268.0,922.0,205.0,73.0,0.11,220.0,96.0,161.0,450.0,8.9,45.0,6.52
177.0,Devbhumi Dwarka,Kajuda,22.33333,69.70833,8.18,886,594,290.0,0.0,354.0,92.0,50.0,9.4,0.22,290.0,44.0,44.0,92.0,0.1,58.0,2.35
178.0,Devbhumi Dwarka,Kalyanpur,22.01667,69.39167,7.9,965,647,250.0,0.0,281.0,142.0,53.0,18.5,0.17,230.0,44.0,34.0,118.0,0.8,44.0,3.24
179.0,Devbhumi Dwarka,Khirsara,21.97917,69.6,7.92,1677,1124,671.0,0.0,256.0,347.0,102.0,63.2,0.14,210.0,168.0,61.0,102.0,1.5,40.0,1.71
180.0,Devbhumi Dwarka,Kuvadia,22.20139,69.58333,8.23,796,533,270.0,0.0,268.0,113.0,34.0,32.0,0.24,220.0,72.0,22.0,78.0,0.7,33.0,2.06
181.0,Devbhumi Dwarka,Modpar,21.85833,69.80833,7.89,1618,1084,320.0,0.0,195.0,383.0,72.0,54.0,0.45,160.0,88.0,24.0,242.0,3.3,80.0,5.88
182.0,Devbhumi Dwarka,Mojap,22.36667,68.98333,7.99,4362,2923,711.0,0.0,366.0,1149.0,210.0,24.0,0.69,300.0,92.0,117.0,706.0,4.9,21.0,11.52
183.0,Devbhumi Dwarka,Pindara1,22.24722,69.25833,7.95,860,576,270.0,0.0,195.0,142.0,91.0,1.9,0.57,160.0,76.0,19.0,90.0,8.9,9.0,2.38
184.0,Devbhumi Dwarka,Raval,21.99306,69.24583,7.69,2928,1962,1001.0,0.0,85.0,879.0,102.0,85.0,0.33,70.0,337.0,39.0,199.0,1.5,27.0,2.74
185.0,Devbhumi Dwarka,Salaya,22.30556,69.60417,8.0,1156,775,400.0,0.0,232.0,191.0,51.0,152.0,0.26,190.0,76.0,51.0,109.0,1.1,65.0,2.37
186.0,Devbhumi Dwarka,Samrasar1,22.375,69.10417,8.0,1829,1225,440.0,0.0,244.0,390.0,129.0,25.0,0.5,200.0,80.0,58.0,228.0,3.0,7.0,4.73
187.0,Devbhumi Dwarka,Vadtara,22.20833,69.5,8.29,416,279,160.0,0.0,146.0,50.0,22.0,2.71,0.29,120.0,36.0,17.0,28.0,2.21,20.0,0.96
188.0,Devbhumi Dwarka,Varwada,22.29167,68.96667,7.97,5892,3948,1341.0,0.0,195.0,1900.0,257.0,18.7,0.38,160.0,289.0,151.0,870.0,7.36,17.0,10.33
189.0,Devbhumi Dwarka,Vinjhalpur,22.15,69.6,8.28,838,561,280.0,0.0,317.0,99.0,45.0,20.8,0.2,260.0,32.0,49.0,84.0,1.24,44.0,2.18
190.0,Devbhumi Dwarka,Hambusar,22.4081,69.0543,8.14,1140,764,220.0,0.0,476.0,113.0,54.0,0.99,0.23,390.0,44.0,27.0,175.0,23.0,29.0,5.13
191.0,Devbhumi Dwarka,Vamansa,22.084,69.1887,7.8,6028,4039,1281.0,0.0,146.0,1758.0,384.0,113.0,1.48,120.0,124.0,236.0,811.0,6.33,28.0,9.86
113.0,Bhavnagar,Sajnasar,21.42872,71.91444,8.18,790,529,250.0,0.0,244.0,92.0,52.0,35.35,0.49,200.0,44.0,34.0,78.0,3.14,50.0,2.14
114.0,Bhavnagar,Sandhida,21.6875,71.75833,7.97,890,596,340.0,0.0,342.0,99.0,48.0,10.29,0.39,280.0,56.0,49.0,68.0,3.35,48.0,1.61
115.0,Bhavnagar,Talaja2,21.36575,72.02076,8.08,2000,1340,790.0,0.0,232.0,476.0,128.0,85.7,0.37,190.0,84.0,141.0,113.0,0.86,96.0,1.75
116.0,Bhavnagar,Timbi2,20.89445,71.20252,8.59,815,546,260.0,48.0,73.0,156.0,56.0,30.04,0.39,140.0,32.0,44.0,86.0,1.75,45.0,2.33
117.0,Bhavnagar,Trapaj,21.42437,72.09983,7.19,1475,988,670.0,0.0,281.0,163.0,160.0,175.0,0.34,230.0,132.0,83.0,58.0,1.11,74.0,0.97
118.0,Bhavnagar,Vadal,21.44738,71.85346,8.02,990,663,360.0,0.0,281.0,107.0,56.0,85.0,0.45,230.0,60.0,51.0,75.0,0.81,75.0,1.72
119.0,Bhavnagar,Vallbhipur,21.90037,71.87841,8.88,4835,3239,290.0,108.0,342.0,959.0,557.0,57.65,0.52,460.0,20.0,58.0,1030.0,5.65,43.0,26.3
120.0,Botad,Barvala,22.15,71.89167,8.53,7385,4948,300.0,192.0,915.0,1193.0,975.0,32.0,3.75,1200.0,24.0,58.0,1600.0,10.0,80.0,40.16
121.0,Botad,Kundali,22.26944,71.7,8.34,1017,681,320.0,48.0,183.0,170.0,18.0,17.81,1.05,230.0,40.0,54.0,92.0,0.63,60.0,2.23
122.0,Botad,Rajpada,22.30833,71.69167,8.33,4060,2720,1130.0,180.0,366.0,845.0,224.0,54.88,0.93,680.0,220.0,141.0,420.0,28.0,74.0,5.43
123.0,Botad,Ningala,22.01806,71.7,8.48,710,476,110.0,48.0,159.0,78.0,40.0,11.15,0.57,210.0,20.0,15.0,115.0,1.39,41.0,4.77
124.0,Botad,Tatam,22.05833,71.63333,8.09,4775,3199,1870.0,0.0,329.0,1207.0,300.0,180.0,0.56,270.0,176.0,348.0,300.0,2.66,79.0,3.02
125.0,Chhota udepur,Bhindol,22.20107,73.8971,8.3,2000,1340,440.0,138.0,616.0,170.0,17.0,0.4,1.39,735.0,28.0,90.0,251.0,1.35,57.0,5.21
126.0,Chhota udepur,Bodeli,22.27519,73.71561,7.88,2300,1541,430.0,0.0,451.0,553.0,16.0,20.9,0.35,370.0,64.0,66.0,326.0,5.96,36.0,6.82
127.0,Chhota udepur,Ferkuva,22.36392,74.2143,8.28,896,600,375.0,6.0,189.0,149.0,38.0,41.0,0.51,165.0,100.0,30.0,30.0,4.3,59.0,0.68
128.0,Chhota udepur,Ghamodi,22.36908,74.07344,8.28,495,332,180.0,6.0,207.0,28.0,5.0,14.1,0.86,180.0,52.0,12.0,29.0,1.46,73.0,0.94
129.0,Chhota udepur,Govindpura,22.21554,73.73999,8.32,7777,5211,1925.0,120.0,293.0,2269.0,221.0,23.0,1.36,440.0,180.0,359.0,915.0,4.94,30.0,9.07
130.0,Chhota udepur,Kevadi,22.52256,73.93433,7.89,660,442,310.0,0.0,256.0,128.0,10.0,25.1,0.93,210.0,72.0,32.0,32.0,3.56,62.0,0.8
131.0,Chhota udepur,Moti chikhali,22.01515,74.08063,7.88,606,406,400.0,0.0,317.0,113.0,15.0,33.6,1.38,260.0,56.0,63.0,28.0,0.79,67.0,0.6
132.0,Chhota udepur,Panwad,22.21018,74.03093,8.28,1240,831,490.0,36.0,256.0,177.0,89.0,1.3,0.48,270.0,100.0,58.0,54.0,8.97,23.0,1.06
133.0,Chhota udepur,Sengpur,22.08659,73.97762,8.09,1170,784,525.0,0.0,384.0,170.0,25.0,1.0,0.65,315.0,112.0,60.0,26.0,2.97,52.0,0.49
134.0,Chhota udepur,Vagudan,22.07119,74.10902,8.28,850,570,340.0,6.0,207.0,142.0,2.0,42.3,0.84,180.0,120.0,10.0,28.0,11.21,78.0,0.66
135.0,Dahod,Limbdi,23.00571,74.15355,7.84,598,401,170.0,0.0,281.0,57.0,10.0,1.2,1.0,230.0,32.0,22.0,71.0,4.8,25.0,2.37
136.0,Dahod,Sukhsar,23.1491,74.03478,7.8,654,438,140.0,0.0,232.0,43.0,31.0,45.0,0.9,190.0,32.0,15.0,87.0,1.4,27.0,3.2
137.0,Dahod,Dadhela,22.84035,74.0835,7.97,618,414,200.0,0.0,244.0,57.0,36.0,27.0,1.3,200.0,40.0,24.0,63.0,4.7,29.0,1.94
138.0,Dahod,Dahod Urban-1,22.87508,74.22925,7.98,425,285,150.0,0.0,146.0,28.0,27.0,39.0,1.1,120.0,32.0,17.0,36.0,0.32,72.0,1.28
139.0,Dahod,Dahod Urban-2,22.84091,74.25566,7.72,2815,1886,781.0,0.0,281.0,603.0,145.0,150.0,2.9,230.0,108.0,124.0,280.0,4.2,32.0,4.36
140.0,Dahod,Dahod2,22.8311,74.23284,8.07,1789,1199,370.0,0.0,354.0,319.0,106.0,55.0,2.0,290.0,40.0,66.0,260.0,2.5,29.0,5.88
141.0,Dahod,Dahod Urban-3,22.82589,74.26364,7.92,1389,931,300.0,0.0,329.0,184.0,139.0,80.0,0.67,270.0,48.0,44.0,194.0,2.9,35.0,4.87
142.0,Dahod,Varamkheda,22.77518,74.28866,7.56,691,463,230.0,0.0,281.0,78.0,26.0,4.6,1.0,230.0,48.0,27.0,66.0,3.1,10.0,1.89
143.0,Dahod,Panchwada,22.72895,74.30539,8.11,790,529,240.0,0.0,378.0,57.0,28.0,21.0,1.4,310.0,28.0,41.0,89.0,3.7,23.0,2.5
144.0,Dahod,Garbara,22.68487,74.31505,7.87,8684,5818,1501.0,0.0,439.0,1985.0,774.0,372.0,6.5,360.0,124.0,289.0,1338.0,31.0,20.0,15.02
145.0,Dahod,Ambakatch,22.6406,74.23334,8.13,1360,911,410.0,0.0,598.0,128.0,32.0,18.0,1.48,490.0,40.0,75.0,128.0,6.6,31.0,2.75
146.0,Dahod,Dhanpur,22.63602,74.09878,8.09,538,360,210.0,0.0,207.0,50.0,21.0,21.0,1.5,170.0,44.0,24.0,34.0,1.7,27.0,1.02
147.0,Dahod,Kanjetha,22.57994,74.10945,7.99,611,409,190.0,0.0,281.0,43.0,28.0,14.0,0.67,230.0,36.0,24.0,67.0,2.8,57.0,2.11
148.0,Dahod,Tokarba,22.59677,74.02846,7.98,640,429,240.0,0.0,146.0,78.0,41.0,64.0,1.1,120.0,52.0,27.0,45.0,0.89,39.0,1.26
149.0,Dahod,Khandania,22.60436,73.89661,8.15,448,300,130.0,0.0,195.0,28.0,21.0,17.0,3.1,160.0,28.0,15.0,53.0,1.1,65.0,2.02
150.0,Dahod,Badpa,22.68894,73.85801,8.45,970,650,100.0,36.0,195.0,135.0,65.0,10.0,3.4,220.0,16.0,15.0,176.0,1.7,30.0,7.65
151.0,Dang,Kalibel,20.92083,73.58056,7.97,1120,750,470.0,0.0,403.0,163.0,38.0,4.63,0.17,330.0,100.0,54.0,62.0,13.0,44.0,1.24
193.0,Devbhumi Dwarka,Hanzdapur,22.18324,69.7227,8.19,2416,1619,580.0,0.0,207.0,567.0,123.0,107.0,0.4,170.0,128.0,63.0,290.0,1.95,190.0,5.24
194.0,Gandhinagar,Paliya,23.17917,72.84167,7.98,2730,1829,750.0,0.0,830.0,440.0,152.0,47.0,1.3,680.0,52.0,151.0,310.0,19.0,40.0,4.92
195.0,Gir Somnath,Bhim Deval,20.96458,70.60682,8.21,852,571,250.0,0.0,256.0,114.0,55.0,29.11,0.64,210.0,48.0,32.0,88.0,2.03,40.0,2.42
196.0,Gir Somnath,Dhokadva,20.95855,71.06818,8.35,730,489,290.0,60.0,232.0,57.0,24.0,7.08,0.26,290.0,44.0,44.0,50.0,2.14,54.0,1.28
197.0,Gir Somnath,Girgadhada,20.92523,70.91676,8.08,680,456,270.0,0.0,244.0,64.0,32.0,50.0,0.25,200.0,52.0,34.0,48.0,1.13,47.0,1.27
198.0,Gir Somnath,Govindpura2,20.95507,70.40212,8.04,630,422,240.0,0.0,207.0,71.0,21.0,30.41,0.66,170.0,48.0,29.0,40.0,2.07,30.0,1.12
199.0,Gir Somnath,Jambur[madhapar,21.03101,70.60555,8.22,645,432,240.0,0.0,268.0,71.0,25.0,7.36,0.27,220.0,40.0,34.0,53.0,0.99,45.0,1.49
200.0,Gir Somnath,Jamvala1,20.98155,70.76364,8.24,410,275,150.0,0.0,183.0,36.0,18.0,6.0,0.37,150.0,36.0,15.0,35.0,0.44,47.0,1.24
201.0,Gir Somnath,Jargla Jargali,20.90865,70.94205,8.11,465,312,190.0,0.0,207.0,36.0,17.0,4.32,0.35,170.0,44.0,19.0,28.0,0.38,53.0,0.88
202.0,Gir Somnath,Kansari,20.84946,71.05532,8.0,1255,841,290.0,0.0,293.0,156.0,90.0,117.0,0.64,240.0,44.0,44.0,173.0,3.54,52.0,4.4
203.0,Gir Somnath,Kesariyaji_1,20.80379,70.94031,8.1,975,653,280.0,0.0,171.0,192.0,56.0,55.0,0.79,140.0,56.0,34.0,97.0,3.75,26.0,2.53
204.0,Gir Somnath,Kodinar1,20.81364,70.69736,8.02,2365,1585,620.0,0.0,256.0,589.0,114.0,44.3,0.84,210.0,68.0,109.0,250.0,1.2,55.0,4.37
205.0,Gir Somnath,Moraj,20.98591,70.43724,8.2,950,637,220.0,0.0,122.0,213.0,46.0,25.41,0.86,100.0,56.0,19.0,110.0,0.57,19.0,3.22
206.0,Gir Somnath,Prasil,20.89942,70.63903,7.99,910,610,230.0,0.0,281.0,114.0,51.0,35.18,1.76,230.0,44.0,29.0,102.0,12.0,25.0,2.91
207.0,Gir Somnath,Sametar,20.85164,71.12067,7.75,1010,677,360.0,0.0,427.0,99.0,32.0,40.0,0.47,350.0,60.0,51.0,78.0,13.0,50.0,1.79
208.0,Gir Somnath,Talala1,21.04905,70.52615,8.15,680,456,230.0,0.0,293.0,71.0,23.0,10.33,0.22,240.0,44.0,29.0,65.0,1.05,48.0,1.86
209.0,Gir Somnath,Una2,20.82239,71.04157,8.36,1805,1209,330.0,108.0,305.0,277.0,115.0,61.9,2.3,430.0,36.0,58.0,300.0,3.69,42.0,7.18
210.0,Jamnagar,Balwa,21.90417,69.95833,7.86,1213,813,390.0,0.0,159.0,262.0,60.0,21.0,0.23,130.0,112.0,27.0,97.0,1.3,31.0,2.14
211.0,Jamnagar,Bed1,22.4375,69.9,7.7,1154,773,300.0,0.0,183.0,128.0,180.0,89.0,0.17,150.0,64.0,34.0,120.0,3.6,77.0,3.01
212.0,Jamnagar,Bedanpur,22.68333,70.31667,8.28,516,346,170.0,0.0,159.0,78.0,31.0,5.5,0.13,130.0,32.0,22.0,50.0,6.1,4.0,1.67
213.0,Jamnagar,Dhrol2,22.56667,70.41667,7.9,1755,1176,320.0,0.0,366.0,248.0,243.0,75.0,0.48,300.0,120.0,5.0,300.0,0.5,50.0,7.29
214.0,Jamnagar,Dudhai2,22.79167,70.50417,8.1,662,444,150.0,0.0,305.0,64.0,22.0,2.7,0.33,250.0,40.0,12.0,97.0,1.7,22.0,3.44
215.0,Jamnagar,Gordhanpur,22.45,70.00139,7.6,2447,1639,605.0,0.0,171.0,645.0,93.0,1.7,0.64,140.0,132.0,67.0,255.0,4.3,41.0,4.51
216.0,Jamnagar,Haripur2,22.27083,70.33333,8.25,1895,1270,701.0,0.0,488.0,333.0,120.0,44.1,0.64,400.0,160.0,73.0,156.0,8.0,55.0,2.56
217.0,Jamnagar,Jambuda,22.525,70.20417,7.75,1891,1267,641.0,0.0,183.0,454.0,109.0,51.0,0.36,150.0,92.0,100.0,156.0,1.2,60.0,2.68
218.0,Jamnagar,Jamnagar2,22.45833,70.07917,8.29,755,506,260.0,0.0,329.0,71.0,31.0,1.1,0.28,270.0,48.0,34.0,72.0,1.5,37.0,1.94
219.0,Jamnagar,Kalawad,22.21667,70.38333,8.0,922,618,280.0,0.0,183.0,156.0,104.0,1.5,0.24,150.0,52.0,36.0,99.0,3.3,21.0,2.57
220.0,Jamnagar,Motagop,22.0375,69.875,7.9,916,614,310.0,0.0,232.0,135.0,45.0,24.0,0.45,190.0,72.0,32.0,71.0,0.5,38.0,1.75
221.0,Jamnagar,Moti matli,22.31667,70.26389,8.0,2245,1504,490.0,0.0,342.0,454.0,106.0,103.0,0.48,280.0,88.0,66.0,305.0,5.0,69.0,5.99
222.0,Jamnagar,Nikava,22.19167,70.53333,8.15,1529,1024,530.0,0.0,439.0,170.0,98.0,163.0,0.41,360.0,104.0,66.0,140.0,12.0,57.0,2.64
223.0,Jamnagar,Seth vadala,22.03333,70.125,8.12,1352,906,450.0,0.0,195.0,213.0,94.0,139.0,0.23,160.0,80.0,61.0,113.0,1.0,48.0,2.32
224.0,Jamnagar,Vijarkha,22.41667,70.18333,8.23,829,555,320.0,0.0,232.0,170.0,21.0,0.81,0.36,190.0,40.0,54.0,64.0,0.36,38.0,1.56
225.0,Jamnagar,Falla,22.5336,70.3141,8.28,820,549,80.0,0.0,281.0,128.0,34.0,7.8,0.78,230.0,12.0,12.0,171.0,0.96,49.0,8.31
226.0,Jamnagar,Haryana,,,7.96,12970,8690,3623.0,0.0,183.0,4240.0,531.0,349.0,0.54,150.0,232.0,739.0,1359.0,4.72,52.0,9.82
227.0,Jamnagar,Kesya,22.6972,70.397,7.79,4683,3138,1681.0,0.0,171.0,1461.0,266.0,76.7,0.31,140.0,152.0,316.0,421.0,1.58,59.0,4.47
228.0,Jamnagar,Samana,22.11,70.1698,7.81,1654,1108,600.0,0.0,98.0,362.0,204.0,68.0,0.38,80.0,164.0,46.0,133.0,1.2,52.0,2.36
229.0,Junagadh,Alwani,21.23056,70.6375,8.15,745,499,290.0,0.0,378.0,50.0,16.0,0.59,0.15,310.0,16.0,61.0,55.0,0.44,72.0,1.4
230.0,Junagadh,Arena,21.08056,70.17639,7.6,6811,4563,2392.0,0.0,98.0,2432.0,220.0,42.0,0.22,80.0,329.0,382.0,565.0,3.54,13.0,5.02
231.0,Junagadh,Bamanwara,21.22083,70.05556,7.9,2952,1978,1201.0,0.0,98.0,1028.0,41.0,38.0,0.13,80.0,325.0,95.0,190.0,8.68,7.0,2.38
233.0,Junagadh,Bilkha,21.43546,70.5996,8.26,1355,908,520.0,0.0,329.0,206.0,95.0,111.0,0.56,270.0,52.0,95.0,105.0,0.5,42.0,2.0
234.0,Junagadh,Budhecha,21.09583,70.21667,8.27,770,516,300.0,0.0,232.0,99.0,41.0,49.0,0.77,190.0,40.0,49.0,58.0,1.31,13.0,1.46
235.0,Junagadh,Chorwad,21.04167,70.21667,7.75,7660,5132,3163.0,0.0,98.0,2779.0,209.0,27.0,0.29,80.0,1014.0,153.0,602.0,2.2,11.0,4.66
236.0,Junagadh,Galodar,21.14722,70.275,8.44,1109,743,250.0,18.0,183.0,241.0,68.0,26.0,0.29,180.0,48.0,32.0,166.0,1.61,44.0,4.56
237.0,Junagadh,Goraj1,21.18333,70.15417,8.49,597,400,230.0,12.0,195.0,85.0,29.0,0.68,0.28,180.0,40.0,32.0,42.0,4.27,26.0,1.2
238.0,Junagadh,Junagadh1,21.51667,70.45833,8.29,845,566,280.0,0.0,171.0,156.0,59.0,45.0,0.22,140.0,52.0,36.0,85.0,2.86,39.0,2.21
239.0,Junagadh,Juthal,21.16667,70.26667,8.19,2554,1711,410.0,0.0,98.0,815.0,155.0,14.0,0.41,80.0,112.0,32.0,430.0,24.0,39.0,9.23
240.0,Junagadh,Kalej,21.24861,70.05833,7.86,4796,3213,2052.0,0.0,122.0,1702.0,71.0,108.0,0.44,100.0,184.0,387.0,276.0,4.07,21.0,2.65
241.0,Junagadh,Kanek,21.03056,70.24167,7.98,3545,2375,1261.0,0.0,146.0,1241.0,82.0,16.0,0.16,120.0,421.0,51.0,310.0,2.45,10.0,3.8
242.0,Junagadh,Kewarda,21.26667,70.20833,8.52,1145,767,470.0,0.0,256.0,227.0,55.0,31.0,0.2,210.0,112.0,46.0,71.0,1.87,43.0,1.42
243.0,Junagadh,Khambalia1,21.04444,70.19167,8.21,5544,3714,1041.0,0.0,159.0,1886.0,240.0,32.0,0.11,130.0,224.0,117.0,926.0,8.97,16.0,12.48
244.0,Junagadh,Khokharda,21.42083,70.31667,8.28,3321,2225,831.0,0.0,329.0,844.0,235.0,165.0,0.46,270.0,72.0,158.0,461.0,1.05,57.0,6.96
245.0,Junagadh,Khorada1,21.06389,70.17361,7.54,1229,823,250.0,0.0,415.0,156.0,59.0,27.9,0.3,340.0,48.0,32.0,94.0,168.0,17.0,2.58
246.0,Junagadh,Khoras ahir,21.37083,70.33889,7.65,1703,1141,440.0,0.0,171.0,425.0,110.0,26.65,0.31,140.0,120.0,34.0,211.0,1.08,45.0,4.37
247.0,Junagadh,Kukaswada,21.05417,70.20833,7.85,1386,929,300.0,0.0,281.0,277.0,93.0,26.21,0.92,230.0,56.0,39.0,212.0,4.53,28.0,5.32
248.0,Junagadh,Mendarda1,21.325,70.43333,7.4,1531,1026,701.0,0.0,427.0,262.0,87.0,41.9,0.42,350.0,116.0,100.0,68.0,1.32,56.0,1.12
249.0,Junagadh,Patla,21.60833,70.56667,8.1,795,533,310.0,0.0,366.0,71.0,15.0,17.1,0.4,300.0,72.0,32.0,54.0,2.64,49.0,1.33
250.0,Junagadh,Prempara,21.3,70.7,7.94,1327,889,550.0,0.0,183.0,248.0,124.0,119.2,0.26,150.0,84.0,83.0,85.0,0.29,59.0,1.58
251.0,Junagadh,Seriakhan,21.13333,70.24861,7.91,891,597,260.0,0.0,268.0,142.0,56.0,13.71,0.62,220.0,48.0,34.0,99.0,11.0,32.0,2.67
252.0,Junagadh,Shardagram,21.10417,70.15278,7.5,7226,4841,1942.0,0.0,122.0,2538.0,289.0,13.52,0.31,100.0,216.0,340.0,925.0,3.72,30.0,9.13
253.0,Junagadh,Sil,21.18556,70.04639,8.11,351,235,170.0,0.0,183.0,21.0,7.0,8.0,0.11,150.0,60.0,5.0,7.0,7.48,14.0,0.23
254.0,Kheda,Alina,22.80833,73.05833,7.37,2838,1901,750.0,0.0,476.0,511.0,231.0,134.0,0.87,390.0,84.0,131.0,300.0,6.5,28.0,4.76
255.0,Kheda,Alindra,22.70083,72.97667,7.9,920,616,170.0,0.0,488.0,43.0,32.0,17.0,0.92,400.0,32.0,22.0,150.0,0.9,47.0,5.02
256.0,Kheda,Boriyavi,22.63556,72.90917,7.98,1080,724,280.0,0.0,488.0,99.0,26.0,24.0,0.5,400.0,52.0,36.0,135.0,19.0,36.0,3.51
257.0,Kheda,Dakor,22.7625,73.16944,7.6,2362,1583,520.0,0.0,817.0,383.0,48.0,14.0,0.89,670.0,80.0,78.0,330.0,34.0,56.0,6.29
258.0,Kheda,Kalesar,22.72083,73.19167,8.0,1295,868,300.0,0.0,671.0,64.0,54.0,11.0,1.29,550.0,32.0,54.0,188.0,6.8,41.0,4.72
259.0,Kheda,Kapadvanj,23.00417,73.09167,7.52,1820,1219,210.0,0.0,915.0,142.0,27.0,19.0,1.28,750.0,48.0,22.0,340.0,12.0,51.0,10.2
260.0,Kheda,Kheda,22.7375,72.70417,7.51,5330,3571,1660.0,0.0,390.0,1448.0,368.0,9.9,0.5,320.0,300.0,221.0,480.0,32.0,30.0,5.12
261.0,Kheda,Ladvel,22.90833,73.12083,7.64,3670,2459,930.0,0.0,366.0,937.0,50.0,4.5,0.41,300.0,188.0,112.0,370.0,18.0,29.0,5.28
262.0,Kheda,Mahudha,22.78333,72.94167,7.7,2450,1642,550.0,0.0,817.0,391.0,140.0,3.1,0.71,670.0,60.0,97.0,320.0,43.0,34.0,5.93
263.0,Kheda,Muliyad,22.78306,73.17667,7.68,6728,4508,1400.0,0.0,415.0,1732.0,440.0,0.0,0.54,340.0,284.0,168.0,830.0,75.0,28.0,9.64
264.0,Kheda,Shekhupura,22.575,72.625,8.76,3315,2221,340.0,180.0,598.0,440.0,269.0,0.0,0.26,790.0,28.0,66.0,470.0,275.0,41.0,11.08
265.0,Kheda,Vanthwadi,22.81927,72.82313,7.63,1164,780,250.0,0.0,525.0,128.0,28.0,16.0,0.38,430.0,80.0,12.0,166.0,18.0,36.0,4.56
266.0,Kheda,Viroja,22.54974,72.59091,7.74,1220,817,350.0,0.0,403.0,178.0,70.0,0.0,0.6,330.0,80.0,36.0,146.0,10.0,34.0,3.39
267.0,Kutchch,Desalpur,23.7502,70.68102,7.42,768,515,180.0,0.0,183.0,113.0,70.0,3.2,0.15,150.0,40.0,19.0,95.0,10.0,21.0,3.08
268.0,Kutchch,Ratanpar Khadir,23.8621,70.3623,7.73,4419,2961,701.0,0.0,403.0,1064.0,310.0,13.0,0.78,330.0,96.0,112.0,712.0,17.0,21.0,11.7
269.0,Kutchch,Rapar,23.56689,70.65177,7.6,2942,1971,400.0,0.0,281.0,567.0,538.0,33.0,0.93,230.0,132.0,17.0,552.0,26.0,29.0,12.0
270.0,Kutchch,Kuda,23.53444,70.44038,7.35,1464,981,410.0,0.0,610.0,142.0,25.0,0.31,1.04,500.0,104.0,36.0,125.0,18.0,44.0,2.68
271.0,Kutchch,Kharoi,23.46007,70.35659,7.62,1304,874,400.0,0.0,281.0,241.0,77.0,1.5,0.33,230.0,68.0,56.0,105.0,4.2,21.0,2.28
