WELL NO.,DISTRICT,TALUKA,LOCATION,DATE,PH,EC,TDS,CO3,HCO3,CL,NO3,SO4,F,ALK,CA,MG,TH,NA,K,SAR
W231620072033001,Ahmedabad,VIRAMGAM,Endla,May-18,7.14,576.0,385.92,0.0,256.0,43.0,10.0,11.0,0.665,210.0,56.0,12.0,190.0,41.0,10.1,1.29
W222130072100001,Ahmedabad,DHANDHUKA,Gamph,May-18,7.34,2877.0,1927.59,0.0,1013.0,319.0,68.0,65.0,0.712,830.0,156.0,22.0,480.0,386.0,75.0,7.66
W225400072010001,Ahmedabad,VIRAMGAM,Kumarkhan,May-18,7.55,6170.0,4133.9,0.0,1501.0,667.0,68.0,560.0,1.182,1230.0,300.0,109.0,1200.0,820.0,37.3,10.29
W221610071420001,Ahmedabad,RANPUR,Kundali,May-18,7.74,820.0,549.4,0.0,281.0,99.0,48.0,10.0,0.834,230.0,52.0,19.0,210.0,98.0,0.6,2.94
W231630071550001,Ahmedabad,MANDAL,Mandal2,May-18,7.84,2892.0,1937.64,0.0,390.0,787.0,4.0,5.0,0.72,320.0,104.0,41.0,430.0,460.0,3.4,9.64
W221830071413001,Ahmedabad,RANPUR,Rajpada,May-18,7.63,800.0,536.0,0.0,134.0,113.0,19.0,115.0,0.937,110.0,60.0,17.0,220.0,86.0,3.6,2.52
W230830072020001,Ahmedabad,VIRAMGAM,Viramgam2,May-18,7.87,4840.0,3242.8,0.0,464.0,1241.0,6.0,255.0,0.903,380.0,140.0,158.0,1000.0,660.0,10.3,9.07
,Ahmedabad,BAVLA,Bavla,May-18,7.19,2593.0,1737.31,0.0,421.0,454.0,10.0,280.0,0.94,345.0,80.0,10.0,240.0,474.0,2.1,13.3
W213630071133001,Amreli,AMRELI,Amreli,May-18,7.44,1719.0,1151.73,0.0,622.0,206.0,80.0,15.0,0.602,510.0,156.0,36.0,540.0,142.0,9.1,2.66
W213845071063001,Amreli,AMRELI,Ankadia mota,May-18,8.02,1765.0,1182.55,0.0,427.0,99.0,43.0,341.0,0.743,350.0,96.0,2.0,250.0,289.0,2.8,7.95
W211557071202001,Amreli,KUNDLA-SAVAR,Badhda,May-18,7.57,1822.0,1220.74,0.0,488.0,206.0,46.0,177.0,0.342,400.0,156.0,58.37,630.0,128.0,0.8,2.22
W212845070574501,Amreli,BAGASARA,Bagasara,May-18,8.01,2145.0,1437.15,0.0,256.0,298.0,24.0,409.0,1.06,210.0,56.0,46.0,330.0,349.0,2.8,8.35
W210630071153001,Amreli,KHAMBHA,Bhavardi1,May-18,8.08,1590.0,1065.3,0.0,451.0,106.0,9.0,255.0,0.467,370.0,96.0,34.5,380.0,188.0,5.4,4.19
W205205071214501,Amreli,JAFRABAD,Bherai,May-18,8.28,4898.0,3281.66,0.0,598.0,1269.0,8.0,150.0,0.661,490.0,108.0,211.6,1140.0,576.0,26.0,7.42
W212330071174501,Amreli,KUNDLA-SAVAR,Charkhadia1,May-18,8.25,2790.0,1869.3,0.0,1318.0,177.0,32.0,35.0,1.486,1080.0,36.0,19.0,170.0,560.0,3.9,18.67
W214900071244501,Amreli,LATHI,Chavand,May-18,8.01,880.0,589.6,0.0,256.0,50.0,9.0,140.0,0.486,210.0,48.0,36.0,270.0,77.0,0.2,2.04
W214915071063001,Amreli,BABRA,Devaliya,May-18,7.91,2188.0,1465.96,0.0,232.0,348.0,70.0,341.0,0.445,190.0,124.0,58.0,550.0,248.0,0.8,4.6
W212000071120001,Amreli,DHARI,Dharangani,May-18,7.88,1996.0,1337.32,0.0,317.0,340.0,96.0,162.0,0.408,260.0,136.0,17.0,410.0,266.0,0.5,5.71
W211330071244001,Amreli,KUNDLA-SAVAR,Goradka,May-18,7.56,2180.0,1460.6,0.0,342.0,291.0,161.0,255.0,0.361,280.0,196.0,58.37,730.0,166.0,0.4,2.67
W211400071120001,Amreli,KHAMBHA,Ingorala,May-18,8.02,1205.0,807.0,0.0,390.0,135.0,45.0,52.0,0.558,320.0,72.0,66.0,450.0,68.0,1.7,1.39
W205200071214501,Amreli,JAFRABAD,Jafrabad,May-18,8.02,2542.0,1703.14,0.0,220.0,674.0,5.0,130.0,0.583,180.0,40.0,46.21,290.0,412.0,68.0,10.52
W212350071130001,Amreli,DHARI,Kerala,May-18,7.96,2110.0,1413.7,0.0,757.0,248.0,41.0,48.0,1.342,620.0,68.0,7.0,200.0,388.0,6.8,11.93
W210900071142001,Amreli,KHAMBHA,Khamba,May-18,8.11,955.0,639.85,0.0,329.0,85.0,90.0,15.0,0.401,270.0,96.0,34.05,380.0,44.0,0.4,0.98
W213945070590001,Amreli,KUNKAVAV-VADIA,Kunkavav,May-18,7.84,2861.0,1916.87,0.0,256.0,482.0,92.0,448.0,0.599,210.0,188.0,63.0,730.0,321.0,1.4,5.17
W214315071230001,Amreli,LATHI,Lathi,May-18,7.8,2228.0,1492.76,0.0,500.0,241.0,32.0,322.0,0.536,410.0,92.0,39.0,390.0,336.0,0.2,7.4
W213730071234501,Amreli,LATHI,Luvariya,May-18,8.06,1630.0,1092.1,0.0,549.0,57.0,7.0,265.0,1.555,450.0,32.0,10.0,120.0,318.0,0.8,12.62
W210600071350001,Amreli,RAJULA,Mandal,May-18,7.68,2693.0,1804.31,0.0,427.0,532.0,132.0,135.0,0.821,350.0,122.0,51.07,515.0,377.0,5.0,7.22
W212234071070701,Amreli,DHARI,Morjhar,May-18,8.02,788.0,527.96,0.0,256.0,106.0,14.0,20.0,0.373,210.0,48.0,4.0,135.0,118.0,0.4,4.42
W205530071211501,Amreli,JAFRABAD,Nageshri,May-18,7.86,3147.0,2108.49,0.0,598.0,511.0,155.0,235.0,0.373,490.0,196.0,80.26,820.0,343.0,15.4,5.21
W212300071280001,Amreli,KUNDLA-SAVAR,Piyava,May-18,8.11,1465.0,981.55,0.0,573.0,92.0,40.0,95.0,0.658,470.0,60.0,29.18,270.0,210.0,0.4,5.56
W213130071213001,Amreli,LILIA,Punjapadar,May-18,7.93,770.0,516.0,0.0,342.0,64.0,11.0,9.19,1.245,280.0,32.0,5.0,100.0,135.0,9.4,5.87
W212310071320001,Amreli,KUNDLA-SAVAR,Salena,May-18,8.44,1200.0,804.0,24.0,488.0,57.0,26.0,60.0,1.498,440.0,52.0,29.18,250.0,161.0,3.1,4.43
W214330071280001,Amreli,LATHI,Tajpur,May-18,8.1,724.0,485.08,0.0,207.0,64.0,14.0,85.0,0.755,170.0,64.0,12.0,210.0,69.0,2.6,2.07
W205345071121501,Amreli,JAFRABAD,Timbi2,May-18,8.32,3120.0,2090.4,84.0,195.0,603.0,150.0,285.0,1.009,300.0,76.0,78.0,510.0,471.0,25.0,9.07
W210100071165001,Amreli,KHAMBHA,Trakuda,May-18,7.97,976.0,653.92,0.0,195.0,170.0,37.0,57.0,0.749,160.0,80.0,4.864,220.0,120.0,1.1,3.52
W215500071130001,Amreli,BABRA,Untvad,May-18,7.83,984.0,659.28,0.0,281.0,64.0,82.0,100.0,0.614,230.0,116.0,10.0,330.0,74.0,0.4,1.77
W213500070580001,Amreli,BAGASARA,Vaghania juna,May-18,8.27,1780.0,1192.6,0.0,500.0,142.0,48.0,236.0,1.013,410.0,56.0,27.0,250.0,290.0,9.0,7.97
W213115071081001,Amreli,AMRELI,Vankiya,May-18,8.02,2960.0,1983.2,0.0,500.0,603.0,49.0,175.0,1.307,410.0,28.0,32.0,200.0,590.0,0.3,18.14
W211400071150001,Amreli,KHAMBHA,Vankiya1,May-18,7.47,2407.0,1612.69,0.0,512.0,383.0,152.0,115.0,0.542,420.0,180.0,89.98,820.0,166.0,16.6,2.52
W210045071323001,Amreli,RAJULA,Victor,May-18,8.19,1272.0,852.24,0.0,476.0,149.0,12.0,25.0,1.464,390.0,40.0,7.296,130.0,222.0,12.2,8.47
W211515071090001,Amreli,DHARI,Virpur,May-18,8.01,1201.0,804.67,0.0,232.0,92.0,36.0,240.0,0.555,190.0,80.0,51.0,410.0,81.0,11.7,1.74
W212610071322501,Amreli,Savar Kundla,Fifad,May-18,8.31,4880.0,3269.6,90.0,525.0,709.0,43.0,789.0,1.414,580.0,44.0,62.02,365.0,955.0,0.8,21.73
W212244071365301,Amreli,Savar Kundla,Hipavadli,May-18,8.37,2315.0,1551.05,72.0,842.0,99.0,86.0,135.0,1.53,810.0,40.0,24.81,202.0,440.0,0.9,13.46
W205430071213701,Amreli,Jafrabad,Kadiyali,May-18,6.82,5451.0,3652.17,0.0,476.0,1518.0,8.0,175.0,1.527,390.0,282.0,114.3,1175.0,705.0,15.0,8.94
W212323071302701,Amreli,Savar Kundla,Vanda,May-18,9.02,3185.0,2134.0,108.0,671.0,482.0,29.0,150.0,1.373,730.0,40.0,21.89,190.0,645.0,1.2,20.34
W222843073014901,Anand,ANAND,Adas_DW,May-18,6.72,1045.0,700.15,0.0,366.0,106.0,86.0,5.0,1.06,300.0,60.0,58.0,390.0,60.0,1.9,1.32
W223430072582001,Anand,ANAND,Anand,May-18,7.68,1690.0,1132.0,0.0,537.0,170.0,30.0,135.0,0.82,440.0,92.0,78.0,550.0,130.0,6.2,2.41
W222300073003001,Anand,ANKLAV,Anklav,May-18,7.85,1190.0,797.3,0.0,415.0,135.0,50.0,25.0,0.66,370.0,52.0,58.0,370.0,102.0,1.8,2.31
W222515072474001,Anand,PETLAD,Dharmaj,May-18,7.76,2360.0,1581.2,0.0,708.0,284.0,100.0,110.0,1.38,580.0,60.0,51.0,360.0,375.0,0.6,8.59
W222030072390001,Anand,CAMBAY,Kansari1,May-18,8,4919.0,3295.73,0.0,378.0,1156.0,42.0,465.0,0.62,310.0,56.0,105.0,570.0,865.0,7.2,15.75
W223039072340001,Anand,Tarapur,Tol,May-18,8.03,1021.0,684.07,0.0,281.0,177.0,19.0,20.0,1.08,230.0,60.0,32.0,280.0,98.0,13.8,2.55
W242420072383001,Banaskantha,AMIRGADH,Amirgadh,May-18,8.14,3012.0,2018.04,0.0,403.0,581.0,115.0,237.0,0.8,330.0,18.0,193.0,850.0,300.0,2.75,4.47
W243145071323001,Banaskantha,THARAD,Bharol1,May-18,8.1,606.0,406.02,0.0,244.0,44.0,33.0,57.0,0.12,200.0,55.0,27.0,250.0,31.0,35.0,0.85
W241830072193001,Banaskantha,DANTIWADA,Dantiwada1,May-18,7.8,616.0,412.72,0.0,159.0,64.0,28.0,84.0,0.98,130.0,46.0,28.0,230.0,48.0,0.77,1.38
W241750072565001,Banaskantha,DANTA,Ganapipli,May-18,8.06,1475.0,988.25,0.0,354.0,82.0,48.0,213.0,2.08,290.0,28.0,46.0,260.0,190.0,1.32,5.12
W242610072215501,Banaskantha,DANTIWADA,Gangodra,May-18,7.81,2981.0,1997.27,0.0,195.0,624.0,85.0,371.0,1.0,160.0,92.0,161.0,900.0,280.0,5.74,4.06
W242045072321501,Banaskantha,AMIRGADH,Iqbalgarh,May-18,8.24,1400.0,938.0,0.0,427.0,142.0,49.0,144.0,0.8,350.0,17.0,64.0,310.0,200.0,1.47,4.94
W242915072211001,Banaskantha,DANTIWADA,jhat,May-18,8.18,1591.0,1065.97,0.0,244.0,244.0,75.0,123.0,1.1,200.0,37.0,36.0,240.0,230.0,2.88,6.45
W243930071460001,Banaskantha,THARAD,Khoda,May-18,8.26,1180.0,790.6,0.0,329.0,114.0,65.0,33.0,1.3,270.0,18.0,15.0,110.0,190.0,3.31,7.88
W242340072374001,Banaskantha,AMIRGADH,Kidotar,May-18,8.2,844.0,565.48,0.0,183.0,78.0,80.0,135.0,1.78,150.0,55.0,51.0,350.0,56.0,0.81,1.3
W242350072170501,Banaskantha,DEESA,Meda,May-18,8.29,1127.0,755.09,0.0,305.0,98.0,27.0,121.0,1.8,250.0,18.0,20.0,130.0,190.0,2.55,7.25
W241000072434001,Banaskantha,DANTA,Mohabbat gadh,May-18,7.55,1484.0,994.28,0.0,110.0,342.0,75.0,11.0,1.1,90.0,131.0,8.0,360.0,135.0,2.7,3.09
W241140072260001,Banaskantha,PALANPUR,Palanpur2,May-18,8.57,1764.0,1181.88,48.0,73.0,255.0,105.0,326.0,1.04,140.0,37.0,79.0,420.0,235.0,0.83,4.99
W241030072444501,Banaskantha,DANTA,Ratanpur2,May-18,7.74,1662.0,1113.54,0.0,268.0,191.0,115.0,187.0,0.4,220.0,110.0,28.0,390.0,180.0,2.19,3.96
W242405072174501,Banaskantha,DANTIWADA,Sodapur,May-18,7.5,1756.0,1176.52,0.0,207.0,425.0,26.0,35.0,0.4,170.0,86.0,73.0,520.0,145.0,6.22,2.76
W214330072450001,Bharuch,VAGRA,Bhensli,May-18,7.97,1301.0,871.67,0.0,268.0,277.0,10.0,21.0,0.46,220.0,32.0,56.0,310.0,147.0,15.2,3.63
W220736072401101,Bharuch,Jambusar,Chhindra,May-18,8.05,1145.0,767.15,0.0,281.0,177.0,68.0,36.0,0.44,230.0,72.0,51.0,390.0,48.0,62.0,1.06
W221105072355001,Bharuch,JAMBUSAR,Dahegam,May-18,7.77,1780.0,1192.6,0.0,342.0,340.0,88.0,55.0,0.26,280.0,100.0,73.0,550.0,135.0,40.0,2.5
W213545073100901,Bharuch,Valia,Jokhla,May-18,7.96,1050.0,703.5,0.0,342.0,121.0,18.0,62.0,1.28,280.0,68.0,27.0,280.0,110.0,1.9,2.86
W220107072454701,Bharuch,JAMBUSAR,Kalak_1,May-18,8.36,1223.0,819.41,66.0,110.0,213.0,15.0,95.0,0.49,200.0,36.0,58.0,330.0,125.0,2.9,2.99
W214100072490001,Bharuch,BHARUCH,Kaswa,May-18,8.09,2725.0,1825.75,0.0,500.0,411.0,23.0,335.0,0.49,410.0,40.0,114.0,570.0,343.0,32.0,6.25
W221137072382201,Bharuch,JAMBUSAR,Kavi,May-18,8.39,1869.0,1252.23,84.0,232.0,191.0,70.0,265.0,0.66,330.0,36.0,39.0,250.0,125.0,310.0,3.44
W213450073040501,Bharuch,VALIA,Kondh,May-18,8.24,800.0,536.0,0.0,232.0,106.0,6.0,58.0,0.85,190.0,36.0,27.0,200.0,91.0,3.3,2.8
W213200073171501,Bharuch,VALIA,Mokhdi,May-18,7.85,820.0,549.4,0.0,207.0,64.0,43.0,110.0,0.6,170.0,68.0,39.0,330.0,35.0,0.6,0.84
W213320072531501,Bharuch,ANKLESVAR,Motwan,May-18,8.16,2715.0,1819.05,0.0,244.0,567.0,21.0,333.0,1.08,200.0,48.0,102.0,540.0,373.0,12.2,6.98
W214100073011001,Bharuch,ANKLESVAR,Mulad,May-18,7.98,2266.0,1518.22,0.0,390.0,440.0,24.0,155.0,0.72,320.0,56.0,73.0,440.0,310.0,2.4,6.43
W214228072495001,Bharuch,BHARUCH,Navetha,May-18,7.82,2225.0,1490.75,0.0,366.0,450.0,11.0,158.0,0.38,300.0,128.0,97.0,720.0,145.0,42.0,2.35
W213800073220001,Bharuch,VALIA,Netrang,May-18,8.36,715.0,479.05,42.0,146.0,78.0,32.0,10.0,0.77,190.0,84.0,24.0,310.0,12.0,0.4,0.3
W214730072400501,Bharuch,VAGRA,Nirnavi,May-18,7.76,1106.0,741.02,0.0,439.0,92.0,20.0,45.0,0.59,360.0,76.0,39.0,350.0,85.0,20.5,1.98
W213215072583001,Bharuch,ANKLESVAR,Panoli,May-18,7.52,5530.0,3705.1,0.0,451.0,1454.0,50.0,295.0,1.34,370.0,128.0,190.0,1100.0,777.0,3.0,10.19
W215500072473001,Bharuch,AMOD,Roja tankaria,May-18,8.1,1341.0,898.47,0.0,256.0,298.0,6.0,41.0,0.48,210.0,52.0,49.0,330.0,141.0,14.6,3.37
W213700072552501,Bharuch,ANKLESVAR,Sajod,May-18,8.29,1543.0,1033.81,33.0,659.0,184.0,16.0,61.0,1.54,595.0,32.0,19.0,160.0,353.0,3.0,12.13
W214430073123001,Bharuch,JHAGADIA,Simodra,May-18,7.54,2367.0,1585.89,0.0,366.0,489.0,10.0,165.0,0.57,300.0,112.0,131.0,820.0,156.0,5.8,2.37
W215930072403001,Bharuch,JAMBUSAR,Tankari,May-18,7.51,3465.0,2321.55,0.0,683.0,504.0,41.0,410.0,0.87,560.0,40.0,126.0,620.0,446.0,120.0,7.79
,Bharuch,Netrang,Juni Jamunia,May-18,Leaked,,,,,,,,,,,,,,,
W215737071531101,Bhavnagar,Vallabhipur,Ayodhyapuram(Narayan dham),May-18,8.27,3172.0,2125.24,0.0,769.0,483.0,37.0,215.0,2.9,630.0,24.0,19.0,140.0,663.0,8.8,24.36
W214600072090001,Bhavnagar,BHAVNAGAR,Bhavnagar1,May-18,8.01,1044.0,699.48,0.0,281.0,170.0,5.0,36.0,0.83,230.0,28.0,15.0,130.0,178.0,0.3,6.79
W214046072143901,Bhavnagar,BHAVNAGAR,Bhumbhali,May-18,8.23,3169.0,2123.23,0.0,500.0,497.0,4.0,406.0,1.18,410.0,40.0,63.0,360.0,547.0,13.1,12.53
W214800071303001,Bhavnagar,GADHADA,Dhasa,May-18,7.84,2438.0,1633.46,0.0,403.0,305.0,98.0,355.0,0.571,330.0,112.0,61.0,530.0,321.0,0.4,6.06
W215800071344501,Bhavnagar,GADHADA,Gadhada2,May-18,7.59,1979.0,1326.0,0.0,586.0,170.0,10.0,235.0,0.392,480.0,108.0,44.0,450.0,242.0,1.2,4.96
W213235071335501,Bhavnagar,GARIADHAR,Gariyadhar,May-18,7.93,207.0,138.69,0.0,207.0,419.0,30.0,168.0,0.98,170.0,108.0,80.0,600.0,170.0,5.1,3.02
W214053072163701,Bhavnagar,GHOGHA,Ghogha,May-18,8.61,5722.0,3833.74,30.0,207.0,1420.0,320.0,244.0,1.08,220.0,80.0,219.0,1100.0,765.0,58.9,10.03
W214800071370001,Bhavnagar,UMRALA,Jalia,May-18,7.95,3579.0,2397.93,0.0,37.0,1022.0,24.0,228.0,0.49,30.0,392.0,15.0,1040.0,326.0,2.8,4.4
W213815071420001,Bhavnagar,PALITANA,Khijadiya,May-18,8.12,1123.0,752.41,0.0,281.0,128.0,31.0,110.0,1.26,230.0,16.0,15.0,100.0,210.0,2.6,9.13
W212246071585001,Bhavnagar,Talaja,Kundheli,May-18,8.22,425.0,284.75,0.0,159.0,36.0,8.0,13.0,0.93,130.0,28.0,19.0,150.0,25.0,2.8,0.89
W211250071530001,Bhavnagar,MAHUVA,Longadi,May-18,7.65,711.0,476.37,0.0,256.0,64.0,3.0,16.0,0.99,210.0,36.0,2.0,100.0,92.0,21.1,4.0
W210545071460001,Bhavnagar,MAHUVA,Mahuva1,May-18,8.28,3349.0,2243.83,0.0,683.0,568.0,60.0,218.0,1.36,560.0,40.0,24.0,200.0,667.0,1.5,20.51
W220105071420001,Bhavnagar,GADHADA,Ningala,May-18,8.44,1858.0,1244.86,60.0,390.0,135.0,10.0,301.0,1.317,420.0,52.6,17.0,200.0,340.0,1.6,10.45
W213120071502001,Bhavnagar,PALITANA,Palitana2,May-18,7.95,1710.0,1145.7,0.0,85.0,412.0,48.0,127.0,0.64,70.0,112.0,54.0,500.0,152.0,1.3,2.96
W213300071431501,Bhavnagar,PALITANA,Panchpipla,May-18,8.45,1451.0,972.17,30.0,220.0,249.0,4.0,120.0,1.05,230.0,32.0,66.0,350.0,169.0,1.6,3.93
W220430071533001,Bhavnagar,VALLABHIPUR,Panvi1,May-18,8.27,622.0,416.74,0.0,622.0,497.0,13.0,174.0,2.92,510.0,24.0,34.0,200.0,561.0,4.5,17.25
W212530071544501,Bhavnagar,PALITANA,Sajnasar,May-18,8.1,983.0,658.61,0.0,268.0,163.0,12.0,35.0,0.89,220.0,80.0,22.0,290.0,97.0,5.3,2.48
W211445071390001,Bhavnagar,MAHUVA,Shantinagar,May-18,7.94,1449.0,970.83,0.0,171.0,263.0,120.0,92.0,0.6,140.0,80.0,32.0,330.0,175.0,2.8,4.19
W212200072010001,Bhavnagar,TALAJA,Talaja2,May-18,8.29,1078.0,722.26,0.0,171.0,185.0,100.0,75.0,0.75,140.0,36.0,63.0,350.0,99.0,0.3,2.3
W221345071361501,Bhavnagar,BOTAD,Tardhera,May-18,7.22,6571.0,4402.57,0.0,769.0,950.0,86.0,1200.0,0.868,630.0,212.0,319.0,1840.0,659.0,15.0,6.68
W220330071380001,Bhavnagar,GADHADA,Tatam,May-18,7.62,13700.0,9179.0,0.0,1720.0,3057.0,145.0,1108.0,1.003,1410.0,496.0,754.0,4340.0,1175.0,75.0,7.75
W214954071455801,Bhavnagar,UMRALA,Timbi2,May-18,8.06,413.0,276.71,0.0,134.0,50.0,5.0,29.0,0.81,110.0,32.0,17.0,150.0,31.0,2.7,1.1
W215300071523001,Bhavnagar,VALLABHIPUR,Vallbhipur,May-18,8.28,7124.0,4773.08,0.0,549.0,2237.0,12.0,230.0,2.9,450.0,160.0,110.0,850.0,1404.0,1.2,20.94
W224000074131301,Dohad,Dhanpur,Ambakatch,May-18,8.06,1291.0,864.97,0.0,573.0,135.0,17.0,14.0,2.0,470.0,40.0,70.0,390.0,141.0,5.6,3.1
W224012073503001,Dohad,DEVGAD BARIA,Badpa,May-18,7.9,1020.0,683.4,0.0,342.0,156.0,17.0,18.0,2.88,280.0,16.0,22.0,130.0,190.0,0.9,7.25
W225015074040001,Dohad,LIMKHEDA,Dadhela,May-18,7.71,767.0,513.89,0.0,207.0,85.0,45.0,94.0,1.59,170.0,64.0,29.0,280.0,69.0,5.1,1.79
W225127074145801,Dohad,DOHAD,Dahod Urban-1(gerage),May-18,8.27,1567.0,1049.89,0.0,354.0,206.0,60.0,176.0,1.28,290.0,128.0,31.0,450.0,170.0,7.5,3.48
W225041074160001,Dohad,DOHAD,Dahod Urban-2(Electricity),May-18,7.81,1607.0,1076.69,0.0,366.0,248.0,31.0,154.0,1.41,300.0,68.0,48.0,370.0,218.0,6.0,4.93
W225023074140201,Dohad,DOHAD,Dahod Urban-3(Forest),May-18,7.92,2347.0,1572.49,0.0,305.0,425.0,225.0,195.0,1.36,250.0,220.0,36.0,700.0,251.0,4.8,4.12
W224930074140001,Dohad,DOHAD,Dahod(Opp.Collector office),May-18,8.97,649.0,434.83,48.0,24.0,42.0,65.0,117.0,1.52,100.0,56.0,24.0,240.0,45.0,0.4,1.26
W224200073545001,Dohad,DEVGAD BARIA,Devgadh Baria,May-18,7.5,1667.0,1116.89,0.0,512.0,262.0,35.0,11.0,2.0,420.0,88.0,38.0,380.0,211.0,24.0,4.71
W223800074061501,Dohad,DHANPUR,Dhanpur,May-18,7.65,928.0,621.76,0.0,220.0,163.0,68.0,10.0,2.0,180.0,36.0,60.0,340.0,66.0,2.1,1.56
W224050074184501,Dohad,GARBADA,Garbara(Forest Comp.),May-18,7.91,5920.0,3966.4,0.0,464.0,1064.0,500.0,581.0,1.51,380.0,200.0,120.0,1000.0,880.0,25.0,12.1
W223450074065001,Dohad,DHANPUR,Kanjetha,May-18,7.7,700.0,469.0,0.0,268.0,92.0,10.0,4.0,1.3,220.0,36.0,34.0,230.0,63.0,2.9,1.81
W224215073501501,Dohad,DEVGAD BARIA,Khandania,May-18,7.69,569.0,381.23,0.0,256.0,78.0,19.0,3.0,3.0,210.0,32.0,12.0,130.0,100.0,1.3,3.81
W230015074093001,Dohad,JHALOD,Limbdi,May-18,7.69,1138.0,762.46,0.0,220.0,177.0,10.0,153.0,1.32,180.0,76.0,34.0,330.0,126.0,6.6,3.02
W225600074120001,Dohad,JHALOD,Mirakhedi,May-18,8.05,863.0,578.21,0.0,220.0,78.0,74.0,93.0,1.45,180.0,96.0,19.0,320.0,61.0,2.9,1.48
W224345074183001,Dohad,GARBADA,Panchwada,May-18,8.28,1072.0,718.24,0.0,354.0,78.0,46.0,128.0,0.3,290.0,96.0,29.0,360.0,98.0,6.0,2.25
W231340073583701,Dohad,FATEPURA,Sarsava,May-18,8.52,671.0,449.57,36.0,110.0,50.0,15.0,102.0,1.2,150.0,80.0,12.0,250.0,43.0,4.7,1.18
W230900074030001,Dohad,FATEPURA,Sukhsar,May-18,8,706.0,473.02,0.0,195.0,57.0,56.0,64.0,1.35,160.0,64.0,14.0,220.0,63.0,1.5,1.85
W223615074021501,Dohad,DHANPUR,Tokarba,May-18,7.71,951.0,637.17,0.0,305.0,149.0,11.0,2.0,1.45,250.0,40.0,38.0,260.0,100.0,3.0,2.7
W224800074163001,Dohad,DOHAD,Varamkheda,May-18,7.81,858.0,574.86,0.0,244.0,57.0,54.0,125.0,1.61,200.0,88.0,26.0,330.0,60.0,1.8,1.44
W231045072503001,Gandhinagar,DEHGAM,Paliya,May-18,8.79,2179.0,1459.93,96.0,220.0,326.0,16.0,228.0,0.52,340.0,51.0,108.0,580.0,220.0,2.3,3.97
W231140072340001,Gandhinagar,GANDHINAGAR,Serthapara1,May-18,7.69,4718.0,3161.06,0.0,915.0,737.0,320.0,252.0,1.0,750.0,92.0,65.0,500.0,840.0,55.0,16.33
W215500069513001,Jamnagar,BHANVAD,Ambardi,May-18,7.86,1500.0,1005.0,0.0,384.0,234.0,65.0,50.0,0.7,315.0,64.0,83.0,500.0,110.0,1.3,2.14
W224945070334501,Jamnagar,JODIYA,Amran1,May-18,8.36,1262.0,845.54,48.0,256.0,142.0,5.0,126.0,0.88,290.0,24.0,34.0,200.0,194.0,2.6,5.96
W215415069573001,Jamnagar,JAMJODHPUR,Balwa,May-18,8.12,1265.0,847.55,0.0,323.0,213.0,48.0,26.0,0.27,265.0,132.0,24.0,430.0,89.0,4.6,1.87
W222615069540002,Jamnagar,JAMNAGAR,Bed1,May-18,7.66,2577.0,1726.59,0.0,311.0,482.0,170.0,205.0,0.16,255.0,220.0,134.0,1100.0,132.0,0.4,1.73
W224100070190001,Jamnagar,JODIYA,Bedanpur,May-18,7.71,3380.0,2264.6,0.0,244.0,957.0,100.0,55.0,0.39,200.0,280.0,169.0,1395.0,134.0,0.5,1.56
W215930069144502,Jamnagar,KALYANPUR,Bhogat1,May-18,8.03,1050.0,703.5,0.0,73.0,305.0,13.0,24.0,0.73,60.0,24.0,27.0,170.0,157.0,4.3,5.24
W222100070023001,Jamnagar,JAMNAGAR,Changa,May-18,8.03,2924.0,1959.08,0.0,439.0,511.0,43.0,330.0,0.17,360.0,242.0,143.0,1195.0,118.0,4.4,1.48
W223400070250001,Jamnagar,DHROL,Dhrol2,May-18,8,895.0,599.65,0.0,214.0,167.0,16.0,25.0,0.61,175.0,48.0,41.0,290.0,70.0,3.7,1.79
W224730070301501,Jamnagar,JODIYA,Dudhai2,May-18,8.34,750.0,502.5,24.0,171.0,92.0,8.0,52.0,0.55,180.0,40.0,5.0,120.0,115.0,1.8,4.56
W221445068573001,Jamnagar,OKHAMANDAL,Dwarka,May-18,7.87,4062.0,2721.54,0.0,415.0,1000.0,100.0,195.0,0.41,340.0,160.0,159.0,1055.0,434.0,31.0,5.81
W222700070000501,Jamnagar,JAMNAGAR,Gordhanpur,May-18,8.32,1020.0,683.4,18.0,262.0,160.0,7.0,25.0,0.57,245.0,24.0,39.0,220.0,130.0,1.7,3.81
W221615070200001,Jamnagar,KALAVAD,Haripur2,May-18,7.83,1160.0,777.2,0.0,238.0,149.0,150.0,50.0,0.62,195.0,92.0,46.0,420.0,71.0,2.6,1.51
W222730070044501,Jamnagar,JAMNAGAR,Jamnagar2,May-18,8.18,791.0,529.97,0.0,134.0,177.0,9.0,23.0,0.32,110.0,36.0,19.0,170.0,102.0,0.7,3.4
W221015069220001,Jamnagar,KALYANPUR,Juvanpur,May-18,8.47,1750.0,1172.5,18.0,311.0,252.0,17.0,205.0,0.57,285.0,36.0,56.0,320.0,250.0,3.6,6.08
W222000069423001,Jamnagar,KHAMBHALIA,Kajuda,May-18,7.9,3925.0,2629.75,0.0,927.0,716.0,14.0,162.0,0.38,760.0,180.0,173.0,1160.0,371.0,2.4,4.74
W220100069233001,Jamnagar,OKHAMANDAL,Kalyanpur,May-18,8.03,1330.0,891.0,0.0,268.0,227.0,70.0,65.0,0.38,220.0,44.0,54.0,330.0,153.0,0.7,3.66
W220100069233001,Jamnagar,KALYANPUR,Kalyanpur2,May-18,8.22,6452.0,4322.84,0.0,500.0,1709.0,65.0,345.0,1.17,410.0,220.0,176.0,1275.0,899.0,3.6,10.95
W215845069360001,Jamnagar,KALYANPUR,Khirsara,May-18,7.93,1336.0,895.12,0.0,353.0,219.0,65.0,25.0,0.41,289.0,116.0,34.0,430.0,107.0,0.7,2.24
W221130069574001,Jamnagar,LALPUR,Lalpur1,May-18,7.93,1250.0,837.5,0.0,244.0,220.0,80.0,50.0,0.31,200.0,84.0,32.0,340.0,130.0,0.6,3.07
W222200068590001,Jamnagar,OKHAMANDAL,Mojap,May-18,7.97,8760.0,5869.2,0.0,293.0,1922.0,130.0,1250.0,0.9,240.0,160.0,169.0,1095.0,1368.0,224.0,17.97
W215430069494501,Jamnagar,BHANVAD,Mota kalawad,May-18,8.02,4352.0,2915.84,0.0,134.0,1319.0,85.0,126.0,0.47,110.0,360.0,221.0,1810.0,165.0,2.0,1.69
W221900070155001,Jamnagar,KALAVAD,Moti matli,May-18,8.02,1570.0,1051.9,0.0,287.0,220.0,37.0,201.0,0.68,235.0,56.0,95.0,530.0,120.0,1.5,2.27
W221820069361501,Jamnagar,KHAMBHALIA,Salaya,May-18,6.67,1625.0,1088.75,0.0,433.0,191.0,72.0,122.0,0.46,355.0,28.0,107.0,510.0,132.0,8.9,2.54
W222230069061502,Jamnagar,OKHAMANDAL,Samrasar1,May-18,7.6,26580.0,17808.6,0.0,342.0,7347.0,9.0,2490.0,1.12,280.0,840.0,434.0,3885.0,4300.0,15.2,29.99
W220200070073001,Jamnagar,JAMJODHPUR,Seth vadala,May-18,7.87,1600.0,1072.0,0.0,390.0,252.0,105.0,41.0,0.22,320.0,72.0,95.0,570.0,105.0,0.4,1.91
W220345070230001,Jamnagar,KALAVAD,Toda,May-18,8.02,870.0,582.9,0.0,214.0,110.0,120.0,5.0,0.54,175.0,52.0,36.0,280.0,70.0,1.3,1.82
W221400070070001,Jamnagar,LALPUR,Vad panchasara,May-18,7.96,620.0,415.4,0.0,140.0,113.0,10.0,24.0,0.39,115.0,44.0,27.0,220.0,40.0,2.2,1.17
W221230069300001,Jamnagar,KHAMBHALIA,Vadtara,May-18,8.01,1082.0,724.94,0.0,336.0,110.0,40.0,75.0,0.4,275.0,68.0,46.0,360.0,83.0,0.8,1.9
W221730068580001,Jamnagar,OKHAMANDAL,Varwada,May-18,7.59,8010.0,5366.7,0.0,354.0,2319.0,65.0,343.0,0.23,290.0,280.0,288.0,1885.0,953.0,4.7,9.54
W222500070110001,Jamnagar,JAMNAGAR,Vijarkha,May-18,8.05,870.0,582.9,0.0,140.0,177.0,5.0,65.0,0.39,115.0,20.0,61.0,300.0,62.0,0.5,1.56
W220900069360001,Jamnagar,KHAMBHALIA,Vinjhalpur,May-18,7.55,2130.0,1427.1,0.0,354.0,376.0,80.0,175.0,0.39,290.0,140.0,112.0,810.0,116.0,1.7,1.77
W205320070281502,Junagadh,VERAVAL,Ajotha,May-18,7.85,1540.0,1031.8,0.0,293.0,298.0,50.0,65.0,0.859,240.0,140.0,56.0,580.0,85.0,1.7,1.53
W211350070381501,Junagadh,TALALA,Alwani,May-18,8.24,960.0,643.2,0.0,329.0,57.0,2.0,125.0,0.348,270.0,56.0,44.0,320.0,75.0,0.9,1.82
W210032070433301,Junagadh,Talala,Amervel Nes,May-18,7.69,915.0,613.05,0.0,342.0,50.0,1.0,105.0,0.354,280.0,104.0,18.0,335.0,58.0,0.5,1.38
W212437070310501,Junagadh,JUNAGADH,Anandpur,May-18,7.95,1752.0,1173.84,0.0,122.0,454.0,60.0,81.0,0.43,100.0,160.0,65.0,670.0,92.0,0.5,1.55
W210249070395301,Junagadh,TALALA,Ankolvadi,May-18,7.57,975.0,653.25,0.0,317.0,92.0,21.0,77.0,0.486,260.0,108.0,19.0,350.0,63.0,1.2,1.46
W210450070103501,Junagadh,MANGROL,Arena,May-18,7.6,9890.0,6626.3,0.0,250.0,2915.0,60.0,525.0,0.03,205.0,744.0,156.0,2505.0,1089.0,31.0,9.46
W211315070032001,Junagadh,MANGROL,Bamanwara,May-18,7.49,9200.0,6164.0,0.0,110.0,3128.0,90.0,25.0,0.11,90.0,1080.0,293.0,3905.0,310.0,3.3,2.16
W212915070050001,Junagadh,MANAVADAR,Bantva,May-18,8.08,2760.0,1849.2,0.0,439.0,621.0,27.0,115.0,0.45,360.0,40.0,7.0,130.0,572.0,4.8,21.81
W205839070363301,Junagadh,Talala,Bhim Deval,May-18,7.79,1066.0,714.22,0.0,177.0,106.0,40.0,200.0,0.856,145.0,128.0,5.0,340.0,89.0,2.9,2.1
W210545070130001,Junagadh,MALIA,Budhecha,May-18,7.84,1547.0,1036.49,0.0,244.0,358.0,39.0,35.0,0.39,200.0,62.0,20.0,240.0,240.0,4.4,6.74
W213607070323001,Junagadh,JUNAGADH,Chokli,May-18,6.33,2010.0,1346.7,0.0,317.0,447.0,105.0,25.0,0.52,260.0,48.0,83.0,460.0,248.0,1.1,5.03
W204510070551001,Junagadh,UNA,Girgadhada,May-18,7.86,793.0,531.31,0.0,305.0,71.0,44.0,10.0,0.382,250.0,92.0,15.0,290.0,49.0,0.6,1.25
W211100070091502,Junagadh,MANGROL,Goraj1,May-18,8.48,850.0,569.5,18.0,207.0,128.0,39.0,15.0,0.89,200.0,20.0,19.0,130.0,135.0,3.1,5.15
W205645070234501,Junagadh,VERAVAL,Govindpura2,May-18,8.2,760.0,509.2,0.0,159.0,71.0,16.0,135.0,0.79,130.0,96.0,2.0,250.0,61.0,2.1,1.68
W210145070363001,Junagadh,TALALA,Jambur[madhapar,May-18,7.55,1089.0,729.63,0.0,342.0,78.0,9.0,140.0,0.395,280.0,96.0,36.0,390.0,70.0,0.9,1.54
W205900070454501,Junagadh,UNA,Jamvala1,May-18,8.05,810.0,542.7,0.0,256.0,64.0,4.0,100.0,0.53,210.0,76.0,22.0,280.0,59.0,1.0,1.53
W205251070590301,Junagadh,Una,Jargla Jargali,May-18,8.34,791.0,529.97,24.0,122.0,78.0,8.0,135.0,0.743,140.0,68.0,22.0,260.0,63.0,0.9,1.7
W213100070273001,Junagadh,JUNAGADH,Junagadh1,May-18,7.65,1030.0,690.1,0.0,189.0,170.0,110.0,25.0,0.3,155.0,88.0,36.0,370.0,67.0,1.8,1.51
W211000070160001,Junagadh,MALIA,Juthal,May-18,8.04,740.0,495.8,0.0,220.0,60.0,13.0,90.0,0.41,180.0,60.0,34.0,290.0,35.0,2.4,0.89
W211620070284701,Junagadh,MENDARDA,Kanedipur,May-18,7.85,716.0,479.72,0.0,252.0,78.0,10.0,20.0,0.0,207.0,60.0,36.0,300.0,23.0,0.1,0.58
W205212071030401,Junagadh,Una,Kansari,May-18,7.28,1990.0,1333.3,0.0,598.0,206.0,65.0,151.0,0.962,490.0,156.0,24.0,490.0,220.0,15.8,4.32
W211613070405001,Junagadh,Vasavadar,Kasia Naka Check Post,May-18,8.14,750.0,502.5,0.0,244.0,78.0,10.0,54.0,0.426,200.0,60.0,24.0,250.0,58.0,0.1,1.59
W204747070563101,Junagadh,Una,Kesariyaji,May-18,7.91,860.0,576.2,0.0,329.0,71.0,20.0,43.0,1.235,270.0,100.0,0.0,250.0,80.0,5.4,2.2
W210240070113001,Junagadh,MALIA,Khambalia1,May-18,7.84,4350.0,2914.5,0.0,134.0,1355.0,26.0,135.0,0.0,110.0,330.0,89.0,1200.0,355.0,166.0,4.46
W210350070102501,Junagadh,MANGROL,Khorada1,May-18,8.17,1350.0,904.5,0.0,342.0,227.0,10.0,60.0,0.0,280.0,88.0,24.0,320.0,140.0,36.0,3.4
W212215070202001,Junagadh,VANTHALI,Khoras ahir,May-18,7.79,1470.0,984.9,0.0,439.0,219.0,37.0,35.0,0.0,30.0,152.0,48.0,580.0,70.0,1.7,1.26
W204800070413002,Junagadh,KODINAR,Kodinar1,May-18,7.83,2488.0,1666.96,0.0,403.0,539.0,47.0,110.0,1.088,330.0,132.0,90.0,700.0,248.0,1.1,4.08
W210900070074501,Junagadh,MANGROL,Manketara,May-18,8.11,1010.0,676.7,0.0,268.0,135.0,50.0,52.0,0.54,220.0,76.0,34.0,330.0,80.0,3.2,1.91
W211930070260001,Junagadh,MENDARDA,Mendarda1,May-18,7.86,1420.0,951.4,0.0,220.0,269.0,50.0,105.0,0.07,180.0,80.0,89.0,570.0,63.0,1.6,1.15
W205900070261001,Junagadh,VERAVAL,Moraj,May-18,7.8,1250.0,837.5,0.0,305.0,213.0,24.0,48.0,1.141,250.0,108.0,5.0,290.0,150.0,0.3,3.83
W213630070340001,Junagadh,BHESAN,Patla,May-18,7.71,725.0,485.75,0.0,165.0,142.0,12.0,15.0,0.48,135.0,56.0,22.0,230.0,59.0,1.2,1.69
W205103070400901,Junagadh,Kodinar,Prasli,May-18,8.18,878.0,588.26,0.0,256.0,121.0,22.0,40.0,1.392,210.0,60.0,17.0,220.0,97.0,7.4,2.84
W211800070420001,Junagadh,VISAVADAR,Prempara,May-18,7.66,2475.0,1658.25,0.0,329.0,142.0,100.0,655.0,0.524,270.0,124.0,146.0,910.0,155.0,1.0,2.23
W205115071071501,Junagadh,UNA,Samter,May-18,7.98,1890.0,1266.3,0.0,488.0,163.0,47.0,260.0,0.55,400.0,108.0,36.0,420.0,236.0,6.2,5.01
W213519070021501,Junagadh,VANTHALI,Saradiya,May-18,8.12,1960.0,1313.2,0.0,342.0,447.0,25.0,48.0,0.47,280.0,64.0,63.0,420.0,260.0,2.4,5.52
W210800070145501,Junagadh,MANGROL,Seriakhan,May-18,7.92,1180.0,790.6,0.0,281.0,99.0,43.0,177.0,0.46,230.0,84.0,48.0,410.0,82.0,2.0,1.76
W210615070091001,Junagadh,MANGROL,Shardagram,May-18,7.63,9610.0,6438.7,0.0,244.0,3074.0,81.0,195.0,0.01,200.0,484.0,254.0,2255.0,1167.0,7.5,10.68
W211108070024701,Junagadh,MANGROL,Sil,May-18,8.14,578.0,387.26,0.0,183.0,74.0,12.0,20.0,0.42,150.0,64.0,17.2,230.0,26.0,16.0,0.75
W211325070032001,Junagadh,MANGROL,Sil bandar,May-18,7.78,7822.0,5240.74,0.0,195.0,2628.0,43.0,57.0,0.45,160.0,422.0,231.0,2005.0,875.0,33.0,8.5
W210305070313001,Junagadh,TALALA,Talala1,May-18,7.53,1400.0,938.0,0.0,366.0,106.0,29.0,215.0,0.552,300.0,124.0,19.0,390.0,140.0,0.5,3.08
W204930071023001,Junagadh,UNA,Una2,May-18,8.35,3022.0,2024.74,54.0,403.0,560.0,27.0,275.0,1.455,420.0,68.0,102.0,590.0,425.0,3.5,7.61
W225620069045801,Kachchh,MANDVI,Bambhdai,May-18,8.24,6916.0,4633.72,0.0,183.0,2130.0,2.0,280.0,1.1,150.0,500.0,36.0,1400.0,961.0,5.7,11.17
W225400069540001,Kachchh,MUNDRA,Bhadreshwar,May-18,8.23,2625.0,1758.75,0.0,244.0,639.0,16.0,179.0,0.4,200.0,192.0,107.0,920.0,181.0,12.4,2.59
W231500069400002,Kachchh,BHUJ,Bhuj1,May-18,8.28,811.0,543.37,0.0,171.0,121.0,14.0,91.0,0.7,140.0,100.0,10.0,290.0,60.0,11.5,1.53
W234450070404501,Kachchh,RAPAR,Deshalpur rapar,May-18,8.01,5172.0,3465.24,0.0,146.0,1278.0,31.0,565.0,0.7,120.0,280.0,158.0,1350.0,557.0,35.7,6.59
W232410069194501,Kachchh,NAKHATRANA,Devisar,May-18,8.17,3973.0,2661.91,0.0,232.0,994.0,4.0,332.0,1.15,190.0,104.0,122.0,760.0,553.0,13.0,8.72
W230300069300001,Kachchh,MANDVI,Dunai,May-18,8.01,1144.0,766.48,0.0,281.0,156.0,7.0,115.0,1.15,230.0,60.0,51.0,360.0,102.0,2.6,2.34
W230500070083002,Kachchh,GANDHIDHAM,Gandhidham1,May-18,8.44,2367.0,1585.89,54.0,329.0,497.0,60.0,65.0,1.2,360.0,136.0,58.0,580.0,280.0,30.6,5.05
W232130069520001,Kachchh,BHUJ,Haboi,May-18,8.92,1201.0,804.67,30.0,122.0,199.0,8.0,153.0,1.53,150.0,56.0,39.0,300.0,140.0,9.9,3.51
W232747068410801,Kachchh,ABDASA,Kharai_1,May-18,8.28,1084.0,726.28,0.0,122.0,170.0,12.0,160.0,0.45,100.0,60.0,34.0,290.0,106.0,19.5,2.71
W232715070210001,Kachchh,BHACHAU,Kharoi,May-18,7.83,1290.0,864.3,0.0,183.0,256.0,1.0,141.0,0.28,150.0,72.0,68.0,460.0,94.0,5.4,1.91
W235020069435001,Kachchh,BHUJ,Khavada,May-18,7.78,3810.0,2552.7,0.0,232.0,838.0,13.0,486.0,0.28,190.0,112.0,102.0,700.0,554.0,17.5,9.1
W232237069115701,Kachchh,NAKHATRANA,Kotada,May-18,8.1,3256.0,2181.52,0.0,195.0,767.0,4.0,313.0,0.75,160.0,104.0,78.0,580.0,463.0,5.5,8.36
W230230069113001,Kachchh,MANDVI,Kotadi,May-18,8.77,2234.0,1496.78,54.0,305.0,355.0,64.0,182.0,2.9,340.0,40.0,49.0,300.0,366.0,2.0,9.19
W230230069043001,Kachchh,ABDASA,Kotaya,May-18,8.56,1835.0,1229.45,36.0,415.0,305.0,18.0,78.0,2.2,400.0,36.0,39.0,250.0,316.0,3.3,8.69
W230943068544301,Kachchh,ABDASA,Kothara,May-18,8.05,3558.0,2383.86,0.0,110.0,852.0,10.0,387.0,0.25,90.0,128.0,63.0,580.0,524.0,39.1,9.46
W235240070483101,Kachchh,RAPAR,Kuda,May-18,8.19,893.0,598.31,0.0,207.0,135.0,7.0,87.0,1.8,170.0,40.0,41.0,270.0,89.0,5.4,2.35
W234843068442001,Kachchh,LAKHPAT,Lakhpat1,May-18,8.1,1571.0,1052.57,0.0,146.0,291.0,10.0,246.0,0.45,120.0,72.0,80.0,510.0,134.0,6.7,2.58
W233040070390001,Kachchh,RAPAR,Lilpur,May-18,7.99,5744.0,3848.48,0.0,134.0,1349.0,20.0,752.0,1.15,110.0,320.0,207.0,1650.0,547.0,32.0,5.85
W232400069533001,Kachchh,BHUJ,Lodai,May-18,7.88,4335.0,2904.45,0.0,268.0,852.0,5.0,646.0,0.75,220.0,112.0,209.0,1140.0,449.0,24.0,5.78
W225224069484201,Kachchh,Mundra,Luni,May-18,8.42,2992.0,2004.64,42.0,281.0,724.0,46.0,66.0,0.5,300.0,128.0,68.0,600.0,387.0,17.6,6.87
W233200068570001,Kachchh,LAKHPAT,Mata no madh,May-18,8.12,945.0,633.15,0.0,171.0,156.0,24.0,114.0,0.8,140.0,72.0,27.0,290.0,98.0,7.0,2.5
W230435069175501,Kachchh,MANDVI,Mau Moti_1,May-18,8.02,1567.0,1049.89,0.0,256.0,256.0,100.0,100.0,1.1,210.0,32.0,67.0,350.0,190.0,5.4,4.42
W234530068403001,Kachchh,LAKHPAT,Moti cher,May-18,8.18,669.0,448.23,0.0,159.0,128.0,4.0,11.0,0.25,130.0,48.0,32.0,250.0,36.0,13.7,0.99
W231600068500001,Kachchh,ABDASA,Naliya1,May-18,8.4,1439.0,964.13,36.0,329.0,178.0,28.0,92.0,1.0,330.0,20.0,17.0,120.0,269.0,4.3,10.68
W233400070381502,Kachchh,RAPAR,Rapar2,May-18,7.94,3021.0,2024.07,0.0,134.0,596.0,46.0,466.0,1.0,110.0,144.0,146.0,960.0,242.0,35.9,3.4
W235139070214701,Kachchh,BHACHAU,Ratanpur Khadir,May-18,7.83,2254.0,1510.18,0.0,146.0,511.0,1.0,226.0,0.9,120.0,80.0,39.0,360.0,335.0,14.9,7.68
W231800070303001,Kachchh,BHACHAU,Samkhiari,May-18,7.93,4053.0,2715.51,0.0,256.0,1093.0,125.0,121.0,0.7,210.0,96.0,132.0,780.0,561.0,17.6,8.73
W230825069382001,Kachchh,BHUJ,Sedat,May-18,8.06,850.0,569.5,0.0,232.0,107.0,10.0,127.0,0.3,190.0,52.0,49.0,330.0,71.0,7.3,1.7
W230200070031501,Kachchh,GANDHIDHAM,Shinaya,May-18,7.7,6490.0,4348.3,0.0,146.0,2201.0,4.0,44.0,0.7,120.0,280.0,24.0,800.0,1157.0,10.1,17.79
W231230069370001,Kachchh,BHUJ,Sukhpar,May-18,7.7,9368.0,6276.56,0.0,146.0,3018.0,120.0,396.0,1.9,120.0,400.0,243.0,2000.0,1355.0,7.3,13.17
W230202068545501,Kachchh,ABDASA,Suthri,May-18,8.55,1780.0,1192.6,18.0,220.0,320.0,4.0,44.0,3.0,210.0,20.0,17.0,120.0,278.0,4.4,11.03
W231700068565001,Kachchh,ABDASA,Tera,May-18,8.86,3862.0,2587.54,36.0,317.0,938.0,24.0,199.0,4.2,320.0,32.0,29.0,200.0,781.0,9.0,24.01
W232747069081701,Kachchh,NAKHATRANA,Ugardi,May-18,8.54,3623.0,2427.41,12.0,98.0,1008.0,15.0,241.0,0.45,100.0,104.0,68.0,620.0,545.0,6.3,9.52
W230600069013001,Kachchh,ABDASA,Vinjhan1,May-18,8,620.0,415.4,0.0,207.0,57.0,5.0,40.0,1.05,170.0,40.0,19.0,180.0,55.0,9.4,1.78
W224830073033001,Kheda,MAHUDHA,Alina,May-18,7.59,12460.0,8348.2,0.0,134.0,4325.0,8.0,203.0,1.55,110.0,540.0,341.0,2750.0,1730.0,33.5,14.34
W224203072583601,Kheda,NADIAD,Alindra,May-18,7.95,2523.0,1690.41,0.0,268.0,567.0,130.0,180.0,0.64,220.0,200.0,48.0,700.0,287.0,9.3,4.72
W225700073193001,Kheda,BALASINOR,Balasinor1,May-18,8.23,642.0,430.14,0.0,98.0,106.0,24.0,80.0,0.92,80.0,56.0,26.0,250.0,40.0,1.6,1.1
W231005073244001,Kheda,VIRPUR,Bar,May-18,8.29,3255.0,2180.85,0.0,842.0,603.0,40.0,89.0,1.5,690.0,160.0,132.0,950.0,108.0,400.0,1.52
W224315073113001,Kheda,THASRA,Kalesar,May-18,8.21,1344.0,900.48,0.0,464.0,78.0,13.0,202.0,1.13,380.0,40.0,72.0,400.0,145.0,0.8,3.15
W224415072421501,Kheda,KHEDA,Kheda,May-18,8.63,3775.0,2529.25,168.0,305.0,603.0,18.0,451.0,0.3,530.0,160.0,60.0,650.0,415.0,260.0,7.08
W225430073071501,Kheda,KATHLAL,Ladvel,May-18,8.29,1699.0,1138.33,0.0,378.0,312.0,11.0,72.0,0.77,310.0,84.0,58.0,450.0,180.0,11.7,3.69
W224659073103601,Kheda,Tharsa,Muliyad,May-18,8.1,2521.0,1689.07,0.0,659.0,390.0,24.0,180.0,1.55,540.0,160.0,72.0,700.0,280.0,21.0,4.6
W224100072530001,Kheda,NADIAD,Nadiad2,May-18,8.41,636.0,426.12,108.0,24.0,21.0,9.0,77.0,0.71,200.0,52.0,19.0,210.0,50.0,0.4,1.5
W223430072373001,Kheda,MATAR,Shekhupura,May-18,8.2,909.0,609.03,0.0,390.0,71.0,2.0,37.0,1.02,320.0,44.0,62.0,370.0,43.0,14.0,0.97
W233030072110001,Mahesana,BECHARAJI,Asjol,May-18,8.12,565.0,378.55,0.0,244.0,33.0,16.0,23.0,0.05,200.0,74.0,11.0,230.0,25.0,17.5,0.72
W234330072230001,Mahesana,VISNAGAR,Bhandupara,May-18,8.29,1014.0,679.38,0.0,244.0,98.0,42.0,137.0,0.38,200.0,18.0,54.0,270.0,114.0,11.0,3.02
W233245072064501,Mahesana,BECHARAJI,Dharpura,May-18,8.27,1940.0,1299.8,0.0,573.0,245.0,8.0,114.0,1.1,470.0,28.0,39.0,230.0,330.0,41.5,9.46
W235030072270001,Mahesana,UNJHA,Dosaj,May-18,8.03,1997.0,1337.99,0.0,268.0,408.0,33.0,92.0,0.44,220.0,55.0,22.0,230.0,320.0,50.0,9.17
W235315072364501,Mahesana,KHERALU,Kheralu1,May-18,7.96,1912.0,1281.04,0.0,415.0,326.0,29.0,124.0,1.23,340.0,18.0,95.0,440.0,240.0,1.05,4.97
W233440072172001,Mahesana,MAHESANA,Maguna,May-18,8.02,3502.0,2346.34,0.0,708.0,730.0,32.0,199.0,0.41,580.0,90.0,277.0,1270.0,270.0,22.5,3.29
W233745072203001,Mahesana,MAHESANA,Panchot,May-18,8.17,2052.0,1374.84,0.0,451.0,319.0,7.0,178.0,0.13,370.0,46.0,35.0,260.0,300.0,80.0,8.09
W235330072310001,Mahesana,KHERALU,Rampura1,May-18,8.24,5467.0,3662.89,0.0,1318.0,762.0,72.0,543.0,2.24,1080.0,92.0,110.0,690.0,970.0,15.95,16.06
W234800072210001,Mahesana,UNJHA,Sihi,May-18,8.28,946.0,633.82,0.0,366.0,72.0,27.0,62.0,0.01,300.0,28.0,48.0,270.0,101.0,38.5,2.67
W234530072273001,Mahesana,VISNAGAR,Tarabh,May-18,7.91,665.0,445.55,0.0,256.0,54.0,4.0,80.0,0.15,210.0,65.0,28.0,280.0,43.0,10.3,1.12
W235914072453201,Mahesana,SATLASANA,Timba_1,May-18,8.2,1234.0,826.78,0.0,378.0,113.0,6.0,144.0,2.46,310.0,32.0,65.0,350.0,82.0,76.0,1.91
W235045072430002,Mahesana,KHERALU,Unad1,May-18,7.75,1168.0,782.56,0.0,390.0,113.0,8.0,29.0,0.64,320.0,65.0,28.0,280.0,110.0,3.0,2.86
W234752072234001,Mahesana,UNJHA,Unjha,May-18,8.2,3151.0,2111.17,0.0,390.0,532.0,165.0,167.0,1.25,320.0,46.0,66.0,390.0,460.0,89.0,10.13
W231450072180001,Mahesana,KADI,Vidaj,May-18,8.22,1872.0,1254.24,0.0,488.0,277.0,28.0,50.0,0.02,400.0,74.0,18.0,260.0,200.0,140.0,5.39
W215330073390001,Narmada,NANDOD,Garudeshwar,May-18,6.22,525.0,351.75,0.0,171.0,71.0,20.0,8.0,0.57,140.0,48.0,24.0,220.0,17.0,3.6,0.5
W215205073360001,Narmada,NANDOD,Hirapura,May-18,7.97,760.0,509.2,0.0,268.0,92.0,13.0,19.0,0.98,220.0,76.0,24.0,290.0,40.0,1.5,1.02
W212932073354901,Narmada,Dediapada,Jankh,May-18,7.55,690.0,462.3,0.0,232.0,71.0,33.0,23.0,0.8,190.0,100.0,17.0,320.0,10.0,0.9,0.24
W213115073384502,Narmada,DEDIAPADA,Kanbi pitha,May-18,7.56,930.0,623.1,0.0,256.0,156.0,28.0,15.0,0.55,210.0,76.0,66.0,460.0,2.0,0.1,0.04
W213050073311001,Narmada,Dediapada,Khaidipada,May-18,7.78,444.0,297.48,0.0,134.0,71.0,14.0,4.0,0.48,110.0,60.0,15.0,210.0,3.0,0.1,0.09
W214400073283001,Narmada,NANDOD,Khota amba,May-18,7.72,750.0,502.5,0.0,268.0,85.0,8.0,25.0,0.8,220.0,40.0,61.0,350.0,10.0,0.5,0.23
W220240073372001,Narmada,TILAKWADA,Namaria,May-18,7.89,3666.0,2456.22,0.0,317.0,837.0,200.0,215.0,0.87,260.0,48.0,277.0,1260.0,260.0,2.4,3.18
W214010073400001,Narmada,DEDIAPADA,Nani singlot,May-18,8.15,750.0,502.5,0.0,214.0,135.0,11.0,5.0,0.55,175.0,72.0,24.0,280.0,47.0,0.4,1.22
W213636073390901,Narmada,Dediapada,Ralda,May-18,8.09,765.0,512.55,0.0,195.0,99.0,6.0,72.0,0.49,160.0,56.0,22.0,230.0,68.0,0.4,1.95
W215030073280001,Narmada,NANDOD,Ringani,May-18,7.75,680.0,455.6,0.0,220.0,35.0,9.0,95.0,0.56,180.0,44.0,34.0,250.0,38.0,2.0,1.04
W213636073454801,Narmada,Sagbara,Salemba 1,May-18,7.75,830.0,556.1,0.0,183.0,92.0,46.0,92.0,0.77,150.0,96.0,32.0,370.0,21.0,0.3,0.47
W215050073321001,Narmada,NANDOD,Sunderpura,May-18,8.33,630.0,422.1,42.0,49.0,78.0,16.0,75.0,0.55,110.0,60.0,34.0,290.0,10.0,0.6,0.26
W212917073525901,Narmada,Sagbara,Umaran,May-18,7.97,622.0,416.74,0.0,195.0,28.0,12.0,92.0,0.35,160.0,84.0,19.0,290.0,7.0,0.1,0.18
W205145072540001,Navsari,JALALPORE,Abrama,May-18,7.88,3489.0,2337.63,0.0,256.0,951.0,4.0,135.0,0.45,210.0,120.0,126.0,820.0,411.0,12.8,6.24
W204952073200401,Navsari,VANSDA,Chandav,May-18,7.47,874.0,585.58,0.0,256.0,99.0,16.0,113.0,0.4,210.0,88.0,36.0,370.0,52.0,1.1,1.18
W205930072531001,Navsari,JALALPORE,Chinam,May-18,8.19,2676.0,1792.92,0.0,512.0,469.0,21.0,130.0,0.37,420.0,64.0,58.0,400.0,240.0,310.0,5.22
W205330072483001,Navsari,JALALPORE,Dandi,May-18,7.7,1332.0,892.44,0.0,366.0,142.0,130.0,4.0,0.22,300.0,72.0,36.0,330.0,130.0,47.1,3.11
W204943073032701,Navsari,GANDEVI,Duvada,May-18,8.44,803.0,538.01,24.0,171.0,71.0,6.0,130.0,1.0,180.0,28.0,49.0,270.0,71.0,1.6,1.88
W204330073090001,Navsari,CHIKHLI,Kaliyari,May-18,7.777,553.0,370.51,0.0,244.0,43.0,5.0,69.0,0.38,200.0,64.0,29.0,280.0,27.0,1.6,0.7
W203800073054501,Navsari,CHIKHLI,Khergam,May-18,7.45,660.0,442.2,0.0,207.0,71.0,8.0,100.0,0.23,170.0,72.0,29.0,300.0,38.0,0.2,0.95
W204027073140001,Navsari,CHIKHLI,Manav Khadak,May-18,7.72,505.0,338.35,0.0,171.0,50.0,5.0,92.0,0.85,140.0,52.0,22.0,220.0,43.0,0.5,1.26
W204818073160001,Navsari,VANSDA,Moti Valzar,May-18,7.6,757.0,507.19,0.0,207.0,92.0,10.0,45.0,0.83,170.0,72.0,17.0,250.0,50.0,0.4,1.37
W204818073160001,Navsari,NAVSARI,Navsari 1,May-18,7.33,6900.0,4623.0,0.0,293.0,1882.0,16.0,320.0,0.58,240.0,340.0,280.0,2000.0,587.0,7.4,5.71
W205000072503001,Navsari,JALALPORE,Onjal,May-18,7.67,1449.0,970.83,0.0,183.0,298.0,7.0,317.0,0.5,150.0,136.0,22.0,430.0,222.0,5.2,4.65
W204715072571501,Navsari,GANDEVI,Sari_khurd,May-18,8.3,1322.0,885.74,0.0,293.0,220.0,0.0,67.0,0.48,240.0,48.0,51.0,330.0,136.0,25.2,3.26
W210030072444501,Navsari,JALALPORE,Ubhrat,May-18,6.97,1824.0,1222.08,0.0,390.0,391.0,60.0,8.0,1.03,320.0,68.0,12.0,220.0,330.0,24.2,9.67
W224940073364501,Panchmahal,GODHRA,Chhabanpur,May-18,7.7,745.0,499.15,0.0,207.0,78.0,50.0,13.0,1.01,170.0,56.0,12.0,190.0,68.0,1.4,2.14
W224531073302401,Panchmahal,Kalol,Dhanol,May-18,8.8,1482.0,992.94,84.0,122.0,191.0,15.0,158.0,1.69,240.0,16.0,26.0,150.0,250.0,14.5,8.87
W230900073463001,Panchmahal,SANTRAMPUR,Gadhar(Agricultural),May-18,7.63,783.0,524.61,0.0,171.0,85.0,50.0,18.0,0.8,140.0,44.0,19.0,190.0,61.0,1.2,1.92
W224734073362401,Panchmahal,GODHRA,Godhra UR_1(Temple Campus),May-18,7.66,1183.0,792.61,0.0,195.0,156.0,47.0,153.0,1.32,160.0,68.0,34.0,310.0,126.0,0.9,3.11
W224609073352801,Panchmahal,GODHRA,Godhra UR_2(School Camp),May-18,8.19,2521.0,1689.07,0.0,134.0,638.0,7.0,237.0,1.69,110.0,140.0,132.0,900.0,174.0,2.5,2.52
W222405073410601,Panchmahal,JAMBUGODHA,Javan,May-18,8.23,411.0,275.37,0.0,122.0,35.0,7.0,70.0,0.97,100.0,40.0,22.0,190.0,19.0,5.7,0.6
W230343073371301,Panchmahal,LUNAWADA,Jokha,May-18,7.85,1112.0,745.04,0.0,439.0,99.0,14.0,80.0,1.23,360.0,80.0,43.0,380.0,101.0,7.2,2.25
W223601073263601,Panchmahal,KALOL,Kalol UR_1(Nr School),May-18,8.12,1697.0,1136.99,0.0,427.0,227.0,80.0,130.0,1.34,350.0,52.0,101.0,550.0,151.0,0.4,2.8
W223523073270501,Panchmahal,KALOL,Kalol,May-18,8.26,1489.0,997.63,0.0,464.0,184.0,50.0,82.0,0.89,380.0,108.0,67.0,550.0,102.0,6.4,1.89
W231042073390801,Panchmahal,LUNAWADA,Kantha,May-18,7.87,817.0,547.39,0.0,244.0,85.0,13.0,110.0,1.31,200.0,60.0,19.0,230.0,101.0,1.2,2.9
W223944073300101,Panchmahal,GODHRA,Khadki Vadiya,May-18,8.18,1297.0,868.99,0.0,464.0,99.0,10.0,168.0,1.65,380.0,44.0,66.0,370.0,156.0,1.5,3.53
W232212073403801,Panchmahal,KHANPUR,Khanpur,May-18,8.28,791.0,529.97,0.0,195.0,85.0,47.0,76.0,1.01,160.0,76.0,24.0,290.0,51.0,1.1,1.3
W230110073311001,Panchmahal,LUNAWADA,Kothamba,May-18,7.84,1474.0,987.58,0.0,207.0,291.0,66.0,47.0,1.3,170.0,52.0,41.0,300.0,180.0,2.4,4.52
W231215073360001,Panchmahal,LUNAWADA,Limbadia peti,May-18,7.69,774.0,518.58,0.0,281.0,113.0,10.0,12.0,1.47,230.0,28.0,22.0,160.0,118.0,1.2,4.06
W230745073363002,Panchmahal,LUNAWADA,Lunawada,May-18,8.52,1115.0,747.05,48.0,37.0,149.0,70.0,166.0,0.76,110.0,124.0,22.0,400.0,71.0,13.3,1.54
W231350073441001,Panchmahal,LUNAWADA,Malekpur1,May-18,8.24,716.0,479.72,0.0,220.0,71.0,19.0,75.0,1.27,180.0,68.0,12.0,220.0,73.0,3.4,2.14
W224800073484501,Panchmahal,MORWA (HADAF),Natapur,May-18,8.27,583.0,390.61,0.0,134.0,71.0,45.0,72.0,1.61,110.0,32.0,26.0,190.0,63.0,1.9,1.99
W222915073332001,Panchmahal,HALOL,Pavagadh,May-18,8.25,627.0,420.09,0.0,122.0,78.0,50.0,68.0,1.43,100.0,72.0,17.0,250.0,35.0,1.1,0.96
W224330073453001,Panchmahal,GHOGHAMBA,Ranipura,May-18,7.68,1960.0,1313.2,0.0,415.0,369.0,145.0,6.0,2.2,340.0,40.0,106.0,540.0,210.0,4.0,3.93
W231130073543001,Panchmahal,SANTRAMPUR,Santrampur1,May-18,8.05,886.0,593.62,0.0,195.0,134.0,21.0,51.0,1.04,160.0,64.0,31.0,291.0,61.0,0.8,1.55
W224812073473501,Panchmahal,MORWA (HADAF),Santroad_1,May-18,7.88,772.0,517.24,0.0,195.0,78.0,33.0,97.0,1.32,160.0,68.0,31.0,300.0,47.0,1.6,1.18
W225715073373001,Panchmahal,SHEHERA,Shehra,May-18,8.01,1650.0,1105.5,0.0,451.0,198.0,13.0,121.0,1.13,370.0,48.0,41.0,290.0,183.0,80.0,4.67
W230344073510301,Panchmahal,MORWA (HADAF),Suliyat,May-18,8.29,652.0,436.84,0.0,183.0,71.0,26.0,45.0,1.38,150.0,68.0,10.0,210.0,52.0,4.6,1.56
W223245073314501,Panchmahal,HALOL,Tarkanda,May-18,8.07,635.0,425.45,0.0,146.0,64.0,8.0,96.0,0.98,120.0,60.0,22.0,240.0,37.0,1.5,1.04
W224815073281501,Panchmahal,GODHRA,Tuwa,May-18,7.93,790.0,529.3,0.0,281.0,71.0,5.0,62.0,1.04,230.0,72.0,14.0,240.0,75.0,11.7,2.1
W224145073333001,Panchmahal,KALOL,Vejalpur,May-18,7.79,1732.0,1160.44,0.0,293.0,305.0,46.0,161.0,1.57,240.0,64.0,94.0,550.0,154.0,6.5,2.86
,Panchmahal,Jambughoda,Jambughoda,May-18,8.29,935.0,626.45,0.0,244.0,78.0,64.0,65.0,1.19,200.0,68.0,17.0,240.0,89.0,0.9,2.5
W234130072041501,Patan,CHANASMA,Dharmoda1,May-18,8.41,1105.0,740.35,30.0,198.0,50.0,14.0,267.0,0.38,212.0,40.0,29.0,220.0,163.0,32.2,4.78
W233945072164501,Patan,CHANASMA,Dhinoj1,May-18,7.98,1579.0,1057.93,0.0,317.0,241.0,9.0,109.0,0.2,260.0,44.0,41.0,280.0,205.0,44.3,5.33
W233540071465001,Patan,SAMI,Moti chander,May-18,7.96,9988.0,6691.96,0.0,183.0,3408.0,15.0,63.0,0.51,150.0,240.0,340.0,2000.0,1425.0,30.1,13.85
W235030072072501,Patan,PATAN,Patan2,May-18,8.4,1930.0,1293.1,48.0,695.0,107.0,47.0,80.0,2.96,650.0,60.0,46.0,340.0,272.0,36.4,6.41
W233917071050901,Patan,SANTALPUR,Piprala,May-18,8.56,6012.0,4028.04,36.0,415.0,1527.0,190.0,506.0,2.96,400.0,120.0,85.0,650.0,1205.0,1.7,20.55
W234600072151501,Patan,PATAN,Sander,May-18,8.05,630.0,422.1,0.0,171.0,50.0,21.0,90.0,0.5,140.0,32.0,29.0,200.0,60.0,15.0,1.84
W234645072094501,Patan,PATAN,Shankhari,May-18,8.4,665.0,445.55,18.0,146.0,43.0,8.0,160.0,1.6,150.0,28.0,22.0,160.0,105.0,10.8,3.61
W214231069423901,Porbandar,RANAVAV,Adityana,May-18,8.01,775.0,519.25,0.0,128.0,149.0,41.0,35.0,0.6,105.0,60.0,22.0,240.0,66.0,1.6,1.85
W215500069360002,Porbandar,PORBANDAR,Adwana2,May-18,8.11,1006.0,674.02,0.0,268.0,184.0,18.0,10.0,0.44,220.0,48.0,29.0,240.0,121.0,3.5,3.4
W214612069351701,Porbandar,PORBANDAR,Babda,May-18,8.26,1759.0,1178.53,0.0,427.0,340.0,13.0,35.0,0.42,350.0,48.0,34.0,260.0,284.0,1.4,7.66
W214553069394001,Porbandar,PORBANDAR,Bakharla,May-18,7.97,1830.0,1226.1,0.0,366.0,326.0,120.0,52.0,0.39,300.0,96.0,66.0,510.0,183.0,6.7,3.52
W212215069523001,Porbandar,PORBANDAR,Balej,May-18,7.78,7828.0,5244.76,0.0,268.0,2500.0,78.0,101.0,0.24,220.0,342.0,181.0,1600.0,1011.0,84.0,10.99
W214835069243001,Porbandar,PORBANDAR,Bhavpura,May-18,7.66,7371.0,4938.57,0.0,207.0,2667.0,85.0,655.0,0.25,170.0,580.0,281.0,2605.0,730.0,14.7,6.22
W213852069530001,Porbandar,RANAVAV,Kandorna,May-18,7.69,4380.0,2934.6,0.0,220.0,1319.0,100.0,65.0,0.74,180.0,320.0,74.0,1105.0,495.0,3.5,6.47
W214830069360501,Porbandar,PORBANDAR,Khambodar,May-18,8.17,1374.0,920.58,0.0,500.0,138.0,20.0,52.0,1.04,410.0,40.0,39.0,260.0,189.0,7.7,5.1
W214159069365101,Porbandar,PORBANDAR,Kolikhada village-2,May-18,8.43,2081.0,1394.27,27.0,464.0,284.0,65.0,155.0,1.12,425.0,20.0,56.0,280.0,349.0,0.8,9.07
W214100069330001,Porbandar,PORBANDAR,Kuchhadi,May-18,8.06,5870.0,3932.9,0.0,799.0,1571.0,22.0,35.0,0.4,655.0,220.0,88.0,910.0,882.0,81.0,12.71
W213750070010001,Porbandar,KUTIYANA,Kutiyana1,May-18,7.86,5510.0,3691.7,0.0,329.0,1585.0,136.0,135.0,1.11,270.0,340.0,85.0,1200.0,711.0,6.6,8.92
W212054069532101,Porbandar,KUTIYANA,Mocha,May-18,8,1306.0,875.02,0.0,317.0,248.0,13.0,30.0,0.4,260.0,108.0,29.0,390.0,110.0,17.8,2.42
W215309069360101,Porbandar,PORBANDAR,Mojiwana,May-18,7.69,5450.0,3651.5,0.0,543.0,1553.0,25.0,48.0,0.35,445.0,340.0,233.0,1810.0,425.0,0.6,4.34
W212645069473001,Porbandar,PORBANDAR,Navibandar,May-18,8.16,470.0,315.0,0.0,122.0,78.0,6.0,18.0,0.36,100.0,44.0,12.0,160.0,32.0,4.2,1.1
W213400069405001,Porbandar,PORBANDAR,Oddar,May-18,7.91,11040.0,7396.8,0.0,244.0,3589.0,18.0,201.0,0.75,200.0,260.0,74.0,955.0,2053.0,60.0,28.88
W214530069291502,Porbandar,PORBANDAR,Palkhada1,May-18,7.89,5870.0,3932.9,0.0,256.0,1355.0,180.0,642.0,0.22,210.0,280.0,235.0,1665.0,555.0,42.0,5.91
W211750069563001,Porbandar,PORBANDAR,Pata,May-18,8.08,1570.0,1051.9,0.0,49.0,482.0,16.0,57.0,0.42,40.0,92.0,68.0,480.0,139.0,8.8,2.76
W213830069373001,Porbandar,PORBANDAR,Porbandar1,May-18,8.32,1804.0,1208.68,21.0,354.0,355.0,20.0,60.0,0.43,325.0,32.0,24.0,180.0,311.0,36.0,10.08
W214100069444503,Porbandar,RANAVAV,Ranavav2,May-18,8.14,816.0,546.72,0.0,268.0,85.0,33.0,40.0,0.49,220.0,60.0,22.0,240.0,76.0,1.5,2.13
W214313069304301,Porbandar,PORBANDAR,Ratadi,May-18,8.24,4463.0,2990.21,0.0,476.0,915.0,42.0,495.0,0.89,390.0,160.0,63.0,660.0,715.0,6.9,12.1
W212617069482201,Porbandar,PORBANDAR,Ratia,May-18,7.9,3200.0,2144.0,0.0,268.0,787.0,20.0,238.0,0.22,220.0,200.0,133.0,1050.0,170.0,138.0,2.28
W214708069264701,Porbandar,PORBANDAR,Visavada,May-18,8.07,2576.0,1725.92,0.0,250.0,996.0,16.0,5.0,0.97,205.0,120.0,136.0,860.0,301.0,93.0,4.46
W225600070483001,Rajkot,MORVI,Amar nagar,May-18,7.76,8100.0,5427.0,0.0,439.0,2642.0,5.0,7.0,8.6,360.0,180.0,438.0,2250.0,820.0,2.3,7.52
W213945070203001,Rajkot,DHORAJI,Bhada jodiya,May-18,8.03,1215.0,814.05,0.0,329.0,213.0,22.0,20.0,0.994,270.0,72.0,51.0,390.0,100.0,1.8,2.2
W222630071050001,Rajkot,WANKANER,Bhalgam,May-18,7.56,1372.0,919.24,0.0,256.0,269.0,17.0,21.0,0.62,210.0,56.0,80.0,470.0,77.0,1.3,1.54
W223015070451501,Rajkot,TANKARA,Chhatar,May-18,7.92,584.0,391.28,0.0,244.0,50.0,9.0,10.0,1.19,200.0,40.0,13.0,155.0,62.0,0.3,2.17
W215500070445501,Rajkot,GONDAL,Chordi,May-18,7.6,970.0,649.9,0.0,207.0,177.0,60.0,9.0,0.39,170.0,88.0,34.0,360.0,53.0,0.3,1.21
W220530070440001,Rajkot,GONDAL,Dadia,May-18,7.94,950.0,636.5,0.0,232.0,121.0,59.0,62.0,0.63,190.0,72.0,41.0,350.0,55.0,0.5,1.28
W214330070270001,Rajkot,DHORAJI,Dhoraji,May-18,7.6,2000.0,1340.0,0.0,146.0,475.0,65.0,155.0,0.35,120.0,184.0,39.0,620.0,180.0,0.7,3.14
W214030070104501,Rajkot,UPLETA,Ganod,May-18,7.69,6000.0,4020.0,0.0,317.0,1525.0,65.0,495.0,2.38,260.0,160.0,255.0,1450.0,700.0,0.5,7.99
W215800070523001,Rajkot,GONDAL,Gogavadar,May-18,7.71,2232.0,1495.44,0.0,403.0,305.0,64.0,305.0,0.64,330.0,152.0,58.0,620.0,240.0,1.1,4.19
W224100070483001,Rajkot,TANKARA,Hadmatia,May-18,7.47,2440.0,1634.8,0.0,183.0,482.0,62.0,341.0,0.42,150.0,176.0,78.0,760.0,220.0,1.1,3.47
W220530071030001,Rajkot,RAJKOT,Halenda,May-18,7.63,2498.0,1673.66,0.0,390.0,454.0,130.0,175.0,0.43,320.0,104.0,119.0,750.0,222.0,3.5,3.52
W215330070290001,Rajkot,JAMKANDORNA,Jasapur,May-18,7.71,1265.0,847.55,0.0,244.0,191.0,100.0,80.0,0.44,200.0,136.0,27.0,450.0,86.0,1.0,1.76
W220330071131501,Rajkot,JASDAN,Jasdan,May-18,7.71,1124.0,753.08,0.0,220.0,191.0,70.0,55.0,0.32,180.0,120.0,19.0,380.0,83.0,1.3,1.85
W230119070550501,Rajkot,Morbi,Jetpur Pithad,May-18,7.4,3607.0,2416.69,0.0,207.0,844.0,58.0,385.0,0.37,170.0,280.0,90.0,1070.0,340.0,1.5,4.52
W220907071115901,Rajkot,Jasdan,Kamlapur 1,May-18,7.48,3570.0,2391.9,0.0,159.0,830.0,130.0,365.0,0.43,130.0,248.0,95.0,1010.0,360.0,1.3,4.93
W224300070464501,Rajkot,TANKARA,Lajai,May-18,7.43,4914.0,3292.38,0.0,183.0,1383.0,150.0,225.0,0.48,150.0,360.0,214.0,1780.0,310.0,2.8,3.19
W220800071181501,Rajkot,JASDAN,Lalavadar,May-18,7.76,762.0,510.54,0.0,244.0,85.0,22.0,41.0,0.49,200.0,88.0,15.0,280.0,46.0,0.8,1.2
W230005070534501,Rajkot,MORVI,Macchukunda,May-18,8.21,1727.0,1157.09,0.0,232.0,340.0,29.0,162.0,1.34,190.0,130.0,74.0,630.0,114.0,7.6,1.97
W230530070454501,Rajkot,MALIYA,Malia,May-18,7.77,692.0,463.64,0.0,244.0,64.0,5.0,52.0,0.63,200.0,40.0,27.0,210.0,58.0,9.7,1.74
W224900070503001,Rajkot,MORVI,Morvi,May-18,7.76,1305.0,874.35,0.0,439.0,184.0,38.0,5.0,2.5,360.0,64.0,54.72,385.0,119.0,3.1,2.64
W225730070370001,Rajkot,MALIYA,Mota dhansura,May-18,7.72,1824.0,1222.08,0.0,183.0,404.0,16.0,175.0,0.62,150.0,144.0,78.0,680.0,100.0,11.9,1.67
W214405070300501,Rajkot,JETPUR,Motagundala,May-18,7.88,740.0,495.8,0.0,207.0,113.0,3.0,35.0,0.77,170.0,48.0,27.0,230.0,64.0,0.3,1.83
W222700070363001,Rajkot,PADDHARI,Movaiya,May-18,7.31,6320.0,4234.4,0.0,134.0,1950.0,180.0,125.0,0.44,110.0,480.0,303.0,2445.0,330.0,0.6,2.9
W213840070154001,Rajkot,DHORAJI,Patanvav,May-18,8.1,755.0,505.85,0.0,244.0,64.0,6.0,78.0,0.8,200.0,60.0,23.0,245.0,59.0,1.8,1.64
W214505070353001,Rajkot,JETPUR,Pedhla,May-18,7.56,3050.0,2043.5,0.0,281.0,787.0,18.0,155.0,0.39,230.0,192.0,197.0,1290.0,110.0,1.9,1.33
W222200070554501,Rajkot,RAJKOT,Ranpur,May-18,7.86,1160.0,777.2,0.0,195.0,227.0,43.0,55.0,0.44,160.0,72.0,61.0,430.0,70.0,0.5,1.47
W220730070460001,Rajkot,GONDAL,Ribda,May-18,7.69,1040.0,696.8,0.0,293.0,121.0,36.0,84.0,0.3,240.0,88.0,43.0,395.0,61.0,0.4,1.33
W220830070590001,Rajkot,RAJKOT,Sardhar,May-18,7.93,1756.0,1176.52,0.0,525.0,220.0,47.0,85.0,0.35,430.0,80.0,92.0,580.0,106.0,55.9,1.91
W225830070420001,Rajkot,MALIYA,Sarvad,May-18,8.13,2400.0,1608.0,0.0,622.0,411.0,19.0,95.0,1.0,510.0,60.0,175.0,870.0,151.0,11.4,2.23
W223300070533001,Rajkot,WANKANER,Sindhavadar,May-18,7.78,1861.0,1246.87,0.0,317.0,362.0,130.0,55.0,0.94,260.0,88.0,114.0,690.0,114.0,0.9,1.89
W215510070361501,Rajkot,JETPUR,Umrali,May-18,7.77,2263.0,1516.21,0.0,98.0,553.0,60.0,210.0,0.41,80.0,100.0,156.0,890.0,103.0,1.1,1.5
W214455070163001,Rajkot,UPLETA,Upleta.,May-18,8.05,2347.0,1572.49,0.0,573.0,355.0,75.0,138.0,4.5,470.0,32.0,185.0,840.0,153.0,0.7,2.3
W220130071073001,Rajkot,JASDAN,Viranagar,May-18,7.99,2341.0,1568.47,0.0,427.0,418.0,115.0,135.0,0.91,350.0,80.0,178.0,930.0,114.0,0.7,1.63
W215100070414501,Rajkot,JETPUR,Virpur,May-18,7.8,1835.0,1229.45,0.0,195.0,312.0,245.0,110.0,0.36,160.0,168.0,71.0,710.0,95.0,4.0,1.55
W231629073123001,Sabarkantha,Dhansura,Alwa Kampa,May-18,8.28,808.0,541.36,0.0,256.0,99.0,34.0,47.0,1.09,210.0,116.0,2.0,300.0,60.0,0.9,1.51
W235909073124301,Sabarkantha,VIJAYNAGAR,Atarsumba_2,May-18,7.59,921.0,617.07,0.0,207.0,135.0,54.0,35.0,0.8,170.0,68.0,22.0,260.0,85.0,2.2,2.29
W230730073123001,Sabarkantha,BAYAD,Boral,May-18,7.82,2627.0,1760.09,0.0,342.0,638.0,125.0,128.0,0.95,280.0,180.0,168.0,1150.0,128.0,1.0,1.64
W231434072562701,Sabarkantha,Talod,Boriya,May-18,7.31,2765.0,1852.55,0.0,220.0,674.0,155.0,98.0,0.58,180.0,160.0,108.0,850.0,240.0,1.4,3.58
W235524072511201,Sabarkantha,IDAR,Chandap_DW,May-18,7.61,1353.0,906.51,0.0,159.0,255.0,65.0,38.0,1.1,130.0,116.0,31.0,420.0,78.0,5.2,1.65
W235400073071001,Sabarkantha,VADALI,Choriwad,May-18,7.49,1924.0,1289.08,0.0,122.0,411.0,205.0,23.0,1.05,100.0,240.0,34.0,740.0,64.0,2.0,1.02
W232100073120001,Sabarkantha,DHANSURA,Dhansura,May-18,7.78,1140.0,763.8,0.0,232.0,171.0,76.0,81.0,1.1,190.0,100.0,48.0,450.0,61.0,0.6,1.25
W233431073151101,Sabarkantha,MODASA,Gadada,May-18,7.63,995.0,666.65,0.0,183.0,177.0,110.0,12.0,1.2,150.0,44.0,43.0,290.0,100.0,1.2,2.55
W234230072563001,Sabarkantha,HIMATNAGAR,Gadha1,May-18,7.69,2535.0,1698.45,0.0,256.0,603.0,86.0,48.0,1.76,210.0,120.0,14.0,900.0,136.0,1.6,1.97
W232240073010001,Sabarkantha,TALOD,Harsol1,May-18,7.97,1312.0,879.04,0.0,427.0,128.0,60.0,53.0,1.5,350.0,52.0,67.0,410.0,106.0,0.9,2.28
W235030073021501,Sabarkantha,IDAR,Idar,May-18,8.13,1534.0,1027.78,0.0,366.0,262.0,65.0,32.0,2.82,300.0,88.0,48.0,420.0,160.0,4.8,3.39
W232000073180001,Sabarkantha,DHANSURA,Karanpur,May-18,7.68,641.0,429.47,0.0,171.0,92.0,37.0,43.0,1.15,140.0,72.0,12.0,230.0,55.0,0.4,1.58
W235455073084301,Sabarkantha,Vadoli,Kesharpura,May-18,8.19,1773.0,1187.91,0.0,354.0,248.0,225.0,41.0,3.0,290.0,48.0,91.0,500.0,173.0,0.3,3.36
W240145073030002,Sabarkantha,KHEDBRAHMA,Khedbramha_1,May-18,7.6,4314.0,2890.38,0.0,134.0,1383.0,85.0,5.0,1.5,110.0,460.0,156.0,1800.0,167.0,4.4,1.71
W235810073140101,Sabarkantha,VIJAYNAGAR,Kherwada,May-18,7.82,789.0,528.63,0.0,183.0,156.0,4.0,36.0,0.77,150.0,52.0,22.0,220.0,90.0,1.5,2.64
W232041073275201,Sabarkantha,MALPUR,Malpur_1,May-18,7.6,751.0,503.17,0.0,159.0,71.0,88.0,84.0,1.0,130.0,76.0,29.0,310.0,38.0,0.3,0.94
W233609073091601,Sabarkantha,HIMATNAGAR,Mathasuliya,May-18,7.61,1446.0,968.82,0.0,171.0,213.0,180.0,17.0,0.5,140.0,156.0,2.0,400.0,96.0,27.0,2.09
W240640073003001,Sabarkantha,KHEDBRAHMA,Matoda,May-18,7.37,2920.0,1956.4,0.0,220.0,815.0,80.0,5.0,1.1,180.0,220.0,108.0,1000.0,192.0,17.0,2.64
W233043073162801,Sabarkantha,MODASA,Medasana,May-18,7.65,1107.0,741.69,0.0,232.0,191.0,80.0,19.0,1.41,190.0,36.0,36.0,240.0,143.0,0.5,4.01
W232945073303002,Sabarkantha,MODASA,Megraj_1,May-18,8.07,422.0,282.74,0.0,98.0,78.0,4.0,86.0,0.85,80.0,44.0,22.0,200.0,40.0,2.6,1.23
W232745073183001,Sabarkantha,MODASA,Modasa2,May-18,7.58,975.0,653.25,0.0,159.0,191.0,75.0,37.0,0.65,130.0,56.0,34.0,280.0,103.0,2.5,2.68
W242230073020001,Sabarkantha,KHEDBRAHMA,Poshina2,May-18,7.77,1385.0,927.95,0.0,427.0,213.0,26.0,17.0,1.37,350.0,32.0,58.0,320.0,173.0,4.6,4.2
W234010073102501,Sabarkantha,BHILODA,Punasan,May-18,7.67,684.0,458.28,0.0,207.0,113.0,41.0,32.0,0.9,170.0,28.0,26.0,180.0,101.0,0.5,3.27
W233619072550901,Sabarkantha,HIMATNAGAR,Ramgarh,May-18,8.1,2827.0,1894.09,0.0,342.0,780.0,13.0,7.0,0.94,280.0,180.0,96.0,850.0,260.0,18.4,3.88
W234915073070001,Sabarkantha,IDAR,Revas,May-18,7.53,1670.0,1118.9,0.0,183.0,269.0,225.0,49.0,1.14,150.0,176.0,38.0,600.0,78.0,1.4,1.38
W235227072574701,Sabarkantha,IDAR,Sabalwad,May-18,7.97,936.0,627.12,0.0,244.0,113.0,44.0,42.0,2.4,200.0,116.0,5.0,310.0,63.0,2.3,1.56
W231030073201501,Sabarkantha,BAYAD,Sathamba,May-18,7.99,485.0,324.95,0.0,146.0,92.0,12.0,70.0,0.8,120.0,56.0,24.0,240.0,44.0,1.7,1.23
W232911073235501,Sabarkantha,MODASA,Seenawad,May-18,7.45,1426.0,955.42,0.0,171.0,241.0,135.0,114.0,0.63,140.0,132.0,58.0,570.0,66.0,10.8,1.2
W234110073220001,Sabarkantha,BHILODA,Shamlaji,May-18,7.88,534.0,357.78,0.0,146.0,71.0,4.0,111.0,0.65,120.0,76.0,12.0,240.0,47.0,1.1,1.32
W240030073070001,Sabarkantha,KHEDBRAHMA,Silwad,May-18,7.45,5350.0,3584.5,0.0,317.0,1666.0,110.0,11.0,1.37,260.0,220.0,276.0,1700.0,480.0,10.2,5.06
W235105073181801,Sabarkantha,BHILODA,Takatuka_1,May-18,7.55,2520.0,1688.4,0.0,281.0,603.0,96.0,75.0,1.2,230.0,160.0,96.0,800.0,207.0,1.2,3.18
W231813072575201,Sabarkantha,Talod,Umedpura,May-18,7.81,1252.0,838.84,0.0,342.0,177.0,65.0,5.0,1.5,280.0,60.0,55.0,380.0,99.0,0.3,2.21
W240030073211501,Sabarkantha,VIJAYNAGAR,Vijaynagar1,May-18,8.07,978.0,655.26,0.0,268.0,191.0,7.0,26.0,1.1,220.0,36.0,34.0,230.0,137.0,4.2,3.93
W233906072571401,Sabarkantha,HIMATNAGAR,Virpur_1(Himmat),May-18,7.92,410.0,274.7,0.0,122.0,50.0,37.0,39.0,0.8,100.0,68.0,0.0,170.0,34.0,0.4,1.13
,Sabarkantha,Himmatnagar,Vaktapur,May-18,7.68,3097.0,2074.99,0.0,207.0,851.0,115.0,72.0,1.15,170.0,180.0,156.0,1100.0,210.0,3.1,2.75
,Sabarkantha,Ider,Kesarpura(Ider),May-18,7.41,1324.0,887.08,0.0,195.0,220.0,130.0,94.0,0.8,160.0,164.0,31.0,540.0,64.0,1.9,1.2
,Sabarkantha,Ider,Dhramali,May-18,7.85,2004.0,1342.68,0.0,342.0,333.0,54.0,175.0,2.0,280.0,64.0,62.0,420.0,261.0,1.4,5.54
W235600073020001,Surat,VADALI,Wadali,May-18,7.35,1462.0,979.54,0.0,220.0,276.0,180.0,15.0,1.47,180.0,80.0,41.0,370.0,170.0,3.5,3.84
W210345073113001,Surat,BARDOLI,Allu,May-18,8.29,600.0,402.0,0.0,183.0,50.0,13.0,121.0,1.2,150.0,40.0,36.0,250.0,51.0,0.2,1.4
W205700073210501,Surat,VYARA,Bedchit,May-18,7.64,1556.0,1042.52,0.0,317.0,277.0,27.0,89.0,0.98,260.0,84.0,97.0,610.0,75.0,0.2,1.32
W212249073001501,Surat,Mangrol,Bhatkol,May-18,8.45,758.0,507.86,18.0,37.0,114.0,5.0,152.0,0.75,60.0,40.0,34.0,240.0,68.0,1.4,1.91
W211454073013201,Surat,Kemraj,Digas,May-18,8.28,923.0,618.41,0.0,268.0,57.0,39.0,96.0,1.0,220.0,20.0,46.0,240.0,90.0,1.0,2.53
W212430073080002,Surat,MANGROL,Dungri,May-18,8.29,1509.0,1011.03,0.0,403.0,199.0,33.0,96.0,1.15,330.0,68.0,61.0,420.0,149.0,7.2,3.16
W211015073331501,Surat,SONGADH,Jesingpura[sg],May-18,7.87,573.0,383.91,0.0,293.0,36.0,3.0,42.0,0.23,240.0,44.0,36.0,260.0,36.0,1.0,0.97
W212730073293002,Surat,UMARPADA,Juna umarpada2,May-18,8.08,389.0,260.63,0.0,134.0,36.0,4.0,62.0,0.27,110.0,40.0,45.0,160.0,32.0,0.9,1.1
W211317073130801,Surat,Bardoli,Kadod 1,May-18,8.28,687.0,460.29,0.0,281.0,64.0,20.0,6.0,0.52,230.0,20.0,32.0,182.0,75.0,0.6,2.42
W210000073283001,Surat,VYARA,Karanjvel,May-18,8.23,463.0,310.21,0.0,183.0,43.0,26.0,43.0,0.4,150.0,60.0,17.0,220.0,27.0,4.6,0.79
W211700073140001,Surat,MANDVI,Kasal,May-18,8.01,716.0,479.72,0.0,159.0,107.0,26.0,51.0,0.22,130.0,48.0,39.0,280.0,36.0,1.0,0.94
W211730072554501,Surat,KAMREJ,Kathor,May-18,8.19,1454.0,974.18,0.0,390.0,206.0,16.0,83.0,0.4,320.0,24.0,80.0,390.0,149.0,2.6,3.28
W210231073192401,Surat,Valod,Kelkui,May-18,8.07,382.0,255.94,0.0,171.0,43.0,4.0,15.0,0.3,140.0,40.0,15.0,160.0,28.0,0.6,0.96
W211652073275501,Surat,Songarh,Kherwada,May-18,7.81,532.0,356.44,0.0,210.0,57.0,17.0,22.0,0.45,172.0,52.0,22.0,220.0,33.0,0.1,0.97
W212200073210002,Surat,MANDVI,Malda,May-18,8.45,1051.0,704.17,36.0,268.0,121.0,26.0,49.0,0.4,280.0,88.0,22.0,310.0,99.0,6.2,2.44
W211515073174501,Surat,MANDVI,Mandvi2,May-18,8.2,839.0,562.13,0.0,159.0,107.0,85.0,56.0,0.47,130.0,36.0,44.0,270.0,65.0,0.4,1.72
W211013073040701,Surat,Bardoli,Mota,May-18,8.29,2508.0,1680.36,0.0,439.0,497.0,16.0,139.0,0.1,360.0,72.0,117.0,660.0,261.0,1.9,4.42
W211245073214401,Surat,VYARA,Moti Chher,May-18,8.13,600.0,402.0,0.0,134.0,57.0,53.0,61.0,0.3,110.0,84.0,2.0,220.0,36.0,0.5,1.06
W211645073205901,Surat,Mandavi,Moti Sarkui,May-18,8.08,620.0,415.4,0.0,146.0,64.0,22.0,31.0,0.45,120.0,44.0,17.0,180.0,38.0,0.4,1.23
W211900073080001,Surat,MANDVI,Nogama,May-18,8.1,551.0,369.17,0.0,171.0,64.0,39.0,21.0,0.45,140.0,40.0,22.0,190.0,44.0,0.1,1.39
W212030072453001,Surat,OLPAD,Olpad2,May-18,8.71,1575.0,1055.25,24.0,342.0,192.0,25.0,62.0,1.38,320.0,24.0,22.0,150.0,238.0,62.7,8.45
W210440072593001,Surat,PALSANA,Palsana,May-18,8.28,1022.0,684.74,0.0,354.0,92.0,15.0,40.0,0.3,290.0,32.0,17.0,150.0,150.0,18.0,5.32
W212715073115401,Surat,MANGROL,Paneshwar,May-18,7.94,1442.0,966.14,0.0,110.0,334.0,6.0,140.0,0.8,90.0,104.0,22.0,350.0,170.0,2.3,3.95
W210530072523001,Surat,CHORASI,Sachin town,May-18,7.81,3776.0,2529.92,0.0,232.0,1072.0,6.0,140.0,0.55,190.0,148.0,124.0,880.0,457.0,4.5,6.7
W210330073053001,Surat,BARDOLI,Sarbhon,May-18,8.57,995.0,666.65,37.0,171.0,128.0,2.0,91.0,1.45,202.0,36.0,32.0,220.0,122.0,1.9,3.58
W210530072433001,Surat,CHORASI,Sultanabad,May-18,8.57,840.0,562.8,24.0,110.0,114.0,24.0,86.0,0.3,130.0,32.0,39.0,240.0,75.0,24.0,2.1
W211820072543901,Surat,KAMREJ,Syan,May-18,8.08,1735.0,1162.45,0.0,281.0,383.0,30.0,58.0,0.45,230.0,72.0,90.0,550.0,144.0,0.6,2.67
W211200072500005,Surat,UCHCHHAL,Uchchhal1,May-18,8,784.0,525.28,0.0,244.0,99.0,55.0,5.0,0.4,200.0,48.0,41.0,290.0,47.0,0.4,1.2
W211850073093001,Surat,MANDVI,Ushker,May-18,8.28,549.0,367.83,0.0,146.0,21.0,26.0,121.0,0.47,120.0,32.0,22.0,170.0,59.0,2.4,1.97
W205014073171601,Surat,Mahuva,Vaheval,May-18,8.17,563.0,377.21,0.0,159.0,78.0,25.0,40.0,0.66,130.0,24.0,32.0,190.0,53.0,0.9,1.67
W210300073160001,Surat,VALOD,Valod,May-18,8.2,440.0,294.8,0.0,146.0,43.0,19.0,44.0,0.24,120.0,32.0,19.0,160.0,38.0,0.3,1.31
W210630073234501,Surat,VYARA,Vyara1,May-18,8.13,334.0,223.78,0.0,146.0,36.0,1.0,25.0,0.4,120.0,24.0,19.0,140.0,27.0,2.6,0.99
,Surat,Mandvi,Khata devi,May-18,8.06,834.0,558.78,0.0,98.0,156.0,12.0,53.0,0.47,80.0,48.0,19.0,200.0,78.0,0.9,2.4
W224837071422101,Surendranagar,Wadhvan,Anindra,May-18,7.81,700.0,469.0,0.0,171.0,64.0,7.0,111.0,1.27,140.0,80.0,17.0,270.0,35.0,5.4,0.93
W230700071470001,Surendranagar,DASADA,Bajana,May-18,7.52,1083.0,725.61,0.0,220.0,170.0,8.0,105.0,0.62,180.0,78.0,40.0,360.0,80.0,5.7,1.83
W222500071023001,Surendranagar,CHOTILA,Bamanbor,May-18,7.75,1362.0,912.54,0.0,354.0,184.0,115.0,38.0,0.63,290.0,152.0,41.0,550.0,59.0,2.2,1.09
W224630071440001,Surendranagar,WADHWAN,Dedadra,May-18,8,1043.0,698.81,0.0,464.0,78.0,14.0,25.0,4.55,380.0,40.0,47.0,295.0,102.0,5.0,2.58
W232307071404601,Surendranagar,Dasada,Dhama,May-18,7.65,2911.0,1950.37,0.0,329.0,489.0,180.0,335.0,1.16,270.0,60.0,229.0,1090.0,128.0,68.4,1.69
W230115071111501,Surendranagar,HALVAD,Halvad,May-18,7.59,5109.0,3423.03,0.0,171.0,1312.0,130.0,440.0,2.32,140.0,320.0,122.0,1300.0,580.0,15.7,6.99
W232100071393001,Surendranagar,DASADA,Jhinjhuwada,May-18,7.74,1313.0,879.71,0.0,342.0,184.0,35.0,85.0,1.019,280.0,80.0,64.0,465.0,81.0,14.1,1.63
W225846071003201,Surendranagar,Halvad,Juna Devliya 1,May-18,8.06,1439.0,964.13,0.0,317.0,241.0,37.0,90.0,0.85,260.0,42.0,94.0,490.0,105.0,6.8,2.06
W230015071444501,Surendranagar,DASADA,Kherwa,May-18,7.88,855.0,572.85,0.0,195.0,128.0,7.0,30.0,1.0,160.0,44.0,24.0,210.0,73.0,6.3,2.19
W230722071284701,Surendranagar,Dhangadhara,Kukavati,May-18,7.51,2230.0,1494.1,0.0,244.0,532.0,120.0,65.0,1.09,200.0,60.0,168.0,840.0,129.0,2.8,1.94
W225130071470001,Surendranagar,LAKHTAR,Lakhtar,May-18,7.61,910.0,609.7,0.0,256.0,121.0,8.0,65.0,1.96,210.0,42.0,44.0,285.0,73.0,9.6,1.88
W225253071440801,Surendranagar,Lakhtar,Modhvana,May-18,7.62,753.0,504.51,0.0,183.0,92.0,78.0,16.0,0.92,150.0,6.0,51.0,225.0,65.0,8.7,1.88
W222515071063701,Surendranagar,Chotila,Moti Moladi,May-18,7.47,5020.0,3363.4,0.0,220.0,1418.0,130.0,215.0,0.44,180.0,320.0,340.0,2200.0,150.0,0.9,1.39
W223900071280001,Surendranagar,MULI,Muli,May-18,7.94,4010.0,2686.7,0.0,415.0,1028.0,70.0,151.0,4.4,340.0,240.0,24.0,700.0,600.0,0.9,9.86
W224431071154201,Surendranagar,Muli,Nava Raisangpur,May-18,7.6,4320.0,2894.4,0.0,171.0,1170.0,135.0,260.0,0.42,140.0,288.0,117.0,1200.0,440.0,0.7,5.52
W225507071514801,Surendranagar,Lakhtar,Olak,May-18,7.65,2348.0,1573.16,0.0,317.0,440.0,46.0,250.0,0.87,260.0,102.0,72.0,550.0,269.0,36.9,4.99
W230336071440301,Surendranagar,Dasada,Pipli,May-18,7.84,1111.0,744.37,0.0,354.0,106.0,24.0,95.0,0.65,290.0,56.0,60.0,390.0,69.0,12.3,1.52
W225030071353001,Surendranagar,DHRANGADHRA,Rajsitapur,May-18,8.01,965.0,646.55,0.0,342.0,106.0,23.0,35.0,1.12,280.0,34.0,47.42,280.0,91.0,4.2,2.36
W224000071494501,Surendranagar,LIMBDI,Shiyani,May-18,7.66,4182.0,2801.94,0.0,134.0,887.0,16.0,655.0,1.19,110.0,180.0,97.28,850.0,550.0,10.6,8.2
W222715071290601,Surendranagar,Sayla,Sudamda,May-18,7.35,4777.0,3200.59,0.0,183.0,1170.0,50.0,525.0,0.37,150.0,320.0,206.0,1650.0,341.0,2.0,3.65
W230030071170001,Surendranagar,HALVAD,Sukhpar,May-18,7.84,6062.0,4061.54,0.0,403.0,1418.0,310.0,425.0,5.25,330.0,160.0,308.0,1670.0,621.0,1.1,6.61
W224300071363001,Surendranagar,WADHWAN,Surendranagar,May-18,7.72,4131.0,2767.77,0.0,439.0,1064.0,90.0,135.0,1.21,360.0,120.0,121.0,800.0,588.0,2.2,9.04
W222600071551501,Surendranagar,CHUDA,Vanala,May-18,7.77,457.0,306.19,0.0,183.0,43.0,11.0,10.0,0.55,150.0,24.0,19.0,140.0,38.0,4.0,1.4
W204130073370001,The dangs,The dangs,Aherdi,May-18,8.21,352.0,235.84,0.0,134.0,43.0,10.0,63.0,0.23,110.0,44.0,22.0,200.0,21.0,0.4,0.65
W204839073301101,The dangs,The Dangs,Bori Goatha 1,May-18,8.16,362.0,242.54,0.0,134.0,28.0,34.0,32.0,0.35,110.0,48.0,12.0,170.0,19.0,0.3,0.63
W203824073412901,The dangs,The Dang,Boripada,May-18,8.02,301.0,201.67,0.0,146.0,21.0,4.0,65.0,0.4,120.0,48.0,12.0,170.0,24.0,0.4,0.8
W203930073411501,The dangs,The dangs,Chikhli,May-18,8.14,316.0,211.72,0.0,159.0,21.0,4.0,27.0,0.35,130.0,40.0,10.0,140.0,24.0,0.4,0.88
W204830073331001,The dangs,The dangs,Chinchnogaotha,May-18,7.93,499.0,334.33,0.0,207.0,43.0,41.0,62.0,0.24,170.0,76.0,17.0,260.0,32.0,0.7,0.86
W203845073473001,The dangs,The dangs,Dhumkal,May-18,8.07,298.0,199.66,0.0,207.0,14.0,5.0,36.0,0.3,170.0,48.0,15.0,180.0,24.0,0.3,0.78
W204800073441501,The dangs,The dangs,Ghubita,May-18,8.1,377.0,252.59,0.0,159.0,21.0,11.0,61.0,0.24,130.0,52.0,15.0,190.0,20.0,0.7,0.63
W203800073444501,The dangs,The dangs,Jakana,May-18,8.1,509.0,341.03,0.0,159.0,21.0,50.0,94.0,0.17,130.0,64.0,19.0,240.0,27.0,0.9,0.76
W205515073345001,The dangs,The dangs,Kalibel,May-18,7.99,1030.0,690.1,0.0,293.0,178.0,15.0,60.0,0.1,240.0,56.0,71.0,430.0,64.0,19.2,1.34
W205500073404501,The dangs,The dangs,Mahal,May-18,8.07,380.0,254.6,0.0,195.0,21.0,0.0,83.0,0.2,160.0,56.0,19.0,220.0,26.0,1.2,0.76
W203600073444501,The dangs,The dangs,Malegaon,May-18,8.2,422.0,282.74,0.0,110.0,57.0,11.0,58.0,0.3,90.0,24.0,32.0,190.0,24.0,0.5,0.76
W204815073364501,The dangs,The dangs,Nadak khadi,May-18,8.09,367.0,245.89,0.0,146.0,21.0,14.0,78.0,0.45,120.0,60.0,5.0,170.0,34.0,0.5,1.13
W204200073350001,The dangs,The dangs,Nana pada,May-18,8.23,337.0,225.79,0.0,146.0,14.0,0.0,84.0,0.3,120.0,40.0,19.0,180.0,22.0,0.7,0.71
W204310073332501,The dangs,The dangs,Sakarpatal,May-18,8.1,321.0,215.07,0.0,122.0,28.0,15.0,35.0,0.2,100.0,36.0,15.0,150.0,18.0,0.2,0.64
W205200073370001,The dangs,The dangs,Sodmal,May-18,8.1,308.0,206.36,0.0,122.0,21.0,13.0,74.0,0.37,100.0,36.0,17.0,160.0,27.0,0.2,0.93
W205520073345001,The dangs,The dangs,Subir,May-18,8.2,365.0,244.55,0.0,98.0,43.0,15.0,58.0,0.15,80.0,40.0,15.0,160.0,25.0,0.8,0.86
W204100073433001,The dangs,The dangs,Umberpada,May-18,8.07,350.0,234.5,0.0,98.0,21.0,13.0,106.0,0.3,80.0,32.0,24.0,180.0,24.0,4.0,0.78
W205242073310601,The dangs,The dangs,Vazat Amba,May-18,8.03,399.0,267.33,0.0,207.0,28.0,16.0,44.0,0.24,170.0,48.0,22.0,210.0,27.0,0.7,0.81
W204550073301601,The dangs,The Dang,Waghai,May-18,8.3,384.0,257.28,0.0,98.0,28.0,2.0,120.0,0.3,80.0,28.0,27.0,180.0,31.0,2.2,1.0
W221340073290001,Vadodara,DABHOI,Amreshwar,May-18,7.7,1714.0,1148.38,0.0,354.0,362.0,14.0,48.0,0.66,290.0,84.0,44.0,390.0,210.0,11.4,4.62
W221200073540001,Vadodara,JETPUR PAVI,Bhindol,May-18,Leaked,,,,,,,,,,,,,,,
W222200074123001,Vadodara,CHHOTA UDAIPUR,Ferkuva,May-18,7.1,1220.0,817.4,0.0,500.0,128.0,6.0,25.0,1.46,410.0,68.0,49.0,370.0,110.0,0.3,2.49
W222200074043001,Vadodara,CHHOTA UDAIPUR,Ghamodi,May-18,7.56,470.0,314.9,0.0,183.0,43.0,10.0,15.0,1.2,150.0,28.0,23.0,165.0,31.0,0.8,1.05
W223015073170001,Vadodara,SAVLI,Juna samalya,May-18,7.78,1762.0,1180.54,0.0,403.0,241.0,47.0,170.0,1.39,330.0,60.0,63.0,410.0,201.0,33.5,4.32
W215845073563001,Vadodara,NASVADI,Kaprali,May-18,7.82,733.0,491.11,0.0,256.0,43.0,62.0,45.0,0.86,210.0,100.0,24.0,350.0,9.0,0.2,0.21
W221736073115401,Vadodara,Vadodara City,Kevada Bag,May-18,8.23,1285.0,860.95,0.0,415.0,113.0,66.0,40.0,0.97,340.0,32.0,34.0,220.0,168.0,8.1,4.92
W220830072543001,Vadodara,PADRA,Masor,May-18,8.27,2394.0,1603.98,15.0,940.0,213.0,8.0,90.0,0.65,795.0,32.0,44.0,260.0,430.0,1.0,11.59
W221200074023001,Vadodara,KAVANT,Panwad,May-18,7.83,870.0,582.9,0.0,220.0,121.0,17.0,65.0,0.64,180.0,76.0,34.0,330.0,42.0,9.3,1.01
W220330074010001,Vadodara,KAVANT,Saidivasana,May-18,7.65,920.0,616.4,0.0,329.0,78.0,9.0,68.0,0.91,270.0,84.0,29.0,330.0,60.0,0.4,1.44
W220215073531501,Vadodara,NASVADI,Sengpur,May-18,7.66,600.0,402.0,0.0,207.0,64.0,45.0,32.0,0.68,170.0,68.0,29.0,290.0,18.0,1.9,0.46
W221730073464501,Vadodara,JETPUR PAVI,Suskal,May-18,7.58,1570.0,1051.9,0.0,232.0,277.0,84.0,131.0,1.16,190.0,180.0,15.0,510.0,122.0,2.2,2.35
W222900073121001,Vadodara,SAVLI,Tundav,May-18,7.93,1996.0,1337.32,0.0,342.0,326.0,92.0,162.0,1.11,280.0,80.0,75.0,510.0,180.0,63.0,3.47
W220400074083001,Vadodara,KAVANT,Vagudan,May-18,8.3,610.0,408.7,18.0,49.0,99.0,4.0,85.0,0.81,70.0,40.0,2.0,110.0,87.0,0.7,3.61
W220934073244501,Vadodara,DABHOI,Vega,May-18,Leaked,,,,,,,,,,,,,,,
,Vadodara,KAVANT,Rendha,May-18,7.74,750.0,502.5,0.0,207.0,7.0,195.0,35.0,0.6,170.0,84.0,34.0,350.0,11.0,0.5,0.26
,Vadodara,KAVANT,Godhi simore,May-18,7.52,1250.0,837.5,0.0,220.0,142.0,66.0,182.0,1.04,180.0,108.0,32.0,400.0,101.0,1.3,2.2
W203100073171501,Valsad,DHARAMPUR,Awadha,May-18,7.96,423.0,283.41,0.0,207.0,14.0,6.0,60.0,0.2,170.0,44.0,19.0,190.0,31.0,0.3,0.98
W201942073193301,Valsad,KAPRADA,Chavshala,May-18,7.96,300.0,201.0,0.0,171.0,21.0,3.0,33.0,0.19,140.0,44.0,2.0,120.0,40.0,1.4,1.59
W201530072530001,Valsad,UMBERGAON,Dahli (bhilad),May-18,7.95,715.0,479.05,0.0,232.0,85.0,45.0,78.0,0.3,190.0,60.0,39.0,310.0,55.0,0.5,1.36
W203151073094501,Valsad,DHARAMPUR,Dharampur 3,May-18,7.6,640.0,428.8,0.0,146.0,78.0,4.0,86.0,0.52,120.0,60.0,19.0,230.0,44.0,0.7,1.26
W201930072503001,Valsad,UMBERGAON,Kanadu,May-18,7.82,567.0,379.89,0.0,159.0,36.0,4.0,107.0,0.7,130.0,56.0,19.0,220.0,36.0,0.8,1.06
W202030073130001,Valsad,KAPRADA,Kaparda,May-18,7.86,341.0,228.47,0.0,73.0,57.0,1.0,30.0,0.02,60.0,32.0,7.0,110.0,29.0,7.2,1.2
W202145072583001,Valsad,PARDI,Karwad,May-18,7.72,933.0,625.11,0.0,232.0,85.0,2.0,118.0,0.3,190.0,72.0,29.0,300.0,63.0,14.6,1.58
W202200073103001,Valsad,KAPRADA,Mandwa,May-18,8.12,398.0,266.66,0.0,134.0,36.0,14.0,73.0,0.05,110.0,40.0,22.0,190.0,27.0,0.8,0.85
W203800073013001,Valsad,VALSAD,Muli1,May-18,8.24,2044.0,1369.48,0.0,195.0,440.0,13.0,135.0,0.53,160.0,56.0,63.0,400.0,249.0,3.7,5.41
W203600072540001,Valsad,VALSAD,Tithal,May-18,7.8,1997.0,1337.99,0.0,427.0,320.0,8.0,181.0,0.32,350.0,88.0,65.0,490.0,236.0,33.1,0.0
W201300072503001,Valsad,UMBERGAON,Tumb,May-18,7.9,778.0,521.26,0.0,244.0,85.0,6.0,69.0,0.85,200.0,52.0,34.0,270.0,60.0,0.8,1.59
W203036072554101,Valsad,PARDI,Udwada,May-18,7.84,837.0,560.79,0.0,195.0,99.0,0.0,181.0,0.46,160.0,60.0,66.0,380.0,51.0,0.8,1.14
W201130072450001,Valsad,UMBERGAON,Umargaon,May-18,8.15,945.0,633.15,0.0,110.0,213.0,31.0,7.0,0.65,90.0,56.0,32.0,270.0,73.0,6.8,1.93
W202249072541601,Valsad,PARDI,Vapi ( Balitha),May-18,7.98,637.0,426.79,0.0,195.0,57.0,16.0,81.0,0.46,160.0,44.0,27.0,220.0,55.0,0.8,1.61